,num_timesteps,num_attackers,num_defenders,defense_time_threshold,interval_number,iteration_times,gaps,iteration_number
0,7,1,1,1,1,0.15409040451049805,0.5530934001098105,5
1,7,1,1,1,2,0.17660045623779297,0.5327295849044923,10
2,7,1,1,1,3,0.15798735618591309,0.36387116571802836,15
3,7,1,1,1,4,0.1551835536956787,0.37930482020137773,20
4,7,1,1,1,5,0.1854994297027588,0.38159655702631035,25
5,7,1,1,1,6,0.17277026176452637,0.27148817022998706,30
6,7,1,1,1,7,0.21622252464294434,0.25792384558611564,35
7,7,1,1,1,8,0.20616364479064941,0.2565329135808878,40
8,7,1,1,1,9,0.1847705841064453,0.23905132356697983,45
9,7,1,1,1,10,0.2610480785369873,0.20514712436017135,50
10,7,1,1,1,11,0.181107759475708,0.1798246825852502,55
11,7,1,1,1,12,0.2228837013244629,0.1837158192056959,60
12,7,1,1,1,13,0.19998860359191895,0.17647855477802188,65
13,7,1,1,1,14,0.1599886417388916,0.1796825826622186,70
14,7,1,1,1,15,0.16416168212890625,0.1451403279026401,75
15,7,1,1,1,16,0.18723607063293457,0.1391081129887125,80
16,7,1,1,1,17,0.1774911880493164,0.14234038927245946,85
17,7,1,1,1,18,0.19074106216430664,0.1401350681766334,90
18,7,1,1,1,19,0.15209674835205078,0.14550130671697104,95
19,7,1,1,1,20,0.1591169834136963,0.1307916455229301,100
20,7,1,1,1,21,0.1563091278076172,0.11829912503171847,105
21,7,1,1,1,22,0.17446374893188477,0.11654430728339893,110
22,7,1,1,1,23,0.20519447326660156,0.11712248793548774,115
23,7,1,1,1,24,0.2689189910888672,0.11849224294186067,120
24,7,1,1,1,25,0.26607775688171387,0.12473735449508339,125
25,7,1,1,1,26,0.17516398429870605,0.11012227873824276,130
26,7,1,1,1,27,0.15626072883605957,0.10380719973124064,135
27,7,1,1,1,28,0.19428205490112305,0.10199963009214597,140
28,7,1,1,1,29,0.17260050773620605,0.10024144772094923,145
29,7,1,1,1,30,0.18604612350463867,0.1009798533915246,150
30,7,1,1,1,31,0.15016436576843262,0.10580835345331124,155
31,7,1,1,1,32,0.1863389015197754,0.10190711053664325,160
32,7,1,1,1,33,0.20506572723388672,0.09305529305767624,165
33,7,1,1,1,34,0.15125775337219238,0.09116658393464772,170
34,7,1,1,1,35,0.23881840705871582,0.08843247509680957,175
35,7,1,1,1,36,0.1969740390777588,0.08753939251910814,180
36,7,1,1,1,37,0.1830434799194336,0.09056142130453687,185
37,7,1,1,1,38,0.18311548233032227,0.094899267797935,190
38,7,1,1,1,39,0.23324179649353027,0.0839087522157913,195
39,7,1,1,1,40,0.1625194549560547,0.0827059911234529,200
40,7,1,1,1,41,0.2052617073059082,0.08122773309584175,205
41,7,1,1,1,42,0.19171643257141113,0.07851600717415774,210
42,7,1,1,1,43,0.15642142295837402,0.07865217920523127,215
43,7,1,1,1,44,0.2271442413330078,0.08170947666234335,220
44,7,1,1,1,45,0.19804883003234863,0.08468446838931587,225
45,7,1,1,1,46,0.21213006973266602,0.07610202597769544,230
46,7,1,1,1,47,0.21774983406066895,0.07480452231629009,235
47,7,1,1,1,48,0.23320293426513672,0.07361405046358116,240
48,7,1,1,1,49,0.17517447471618652,0.07120979083714396,245
49,7,1,1,1,50,0.15627765655517578,0.07128075200891182,250
50,7,1,1,1,51,0.19413208961486816,0.07386742274418212,255
51,7,1,1,1,52,0.219620943069458,0.07708726806499522,260
52,7,1,1,1,53,0.1949458122253418,0.06966292501992477,265
53,7,1,1,1,54,0.20067906379699707,0.06884433389714861,270
54,7,1,1,1,55,0.19965076446533203,0.06804798271480939,275
55,7,1,1,1,56,0.1828913688659668,0.06543311742128399,280
56,7,1,1,1,57,0.1969761848449707,0.06488091439227667,285
57,7,1,1,1,58,0.1903517246246338,0.06654145265998945,290
58,7,1,1,1,59,0.1553022861480713,0.06938132772526884,295
59,7,1,1,1,60,0.15032243728637695,0.06821870006435476,300
60,7,1,1,1,61,0.18140649795532227,0.06398247976178717,305
61,7,1,1,1,62,0.24625635147094727,0.06335760617282171,310
62,7,1,1,1,63,0.15619802474975586,0.06247151887512553,315
63,7,1,1,1,64,0.1569347381591797,0.059939301323769234,320
64,7,1,1,1,65,0.24144458770751953,0.060129128608993776,325
65,7,1,1,1,66,0.23952555656433105,0.062144362070185366,330
66,7,1,1,1,67,0.1520068645477295,0.06475344911533337,335
67,7,1,1,1,68,0.20872282981872559,0.06117761787953929,340
68,7,1,1,1,69,0.15742087364196777,0.05924428361602435,345
69,7,1,1,1,70,0.19228601455688477,0.05887681113038257,350
70,7,1,1,1,71,0.19730472564697266,0.05805055506064738,355
71,7,1,1,1,72,0.256242036819458,0.05567583808177301,360
72,7,1,1,1,73,0.16924619674682617,0.05604985960913911,365
73,7,1,1,1,74,0.16451668739318848,0.05787952374068339,370
74,7,1,1,1,75,0.18859601020812988,0.060162373575562755,375
75,7,1,1,1,76,0.15166711807250977,0.05704360898677319,380
76,7,1,1,1,77,0.15105962753295898,0.055352078377311154,385
77,7,1,1,1,78,0.22232317924499512,0.055151000950656504,390
78,7,1,1,1,79,0.16354632377624512,0.05459988270082172,395
79,7,1,1,1,80,0.20685863494873047,0.05216244906094769,400
80,7,1,1,1,81,0.1919710636138916,0.05219550032455855,405
81,7,1,1,1,82,0.18153882026672363,0.053694146254813946,410
82,7,1,1,1,83,0.17586326599121094,0.05574994464035221,415
83,7,1,1,1,84,0.15192651748657227,0.055023002333252635,420
84,7,1,1,1,85,0.15111899375915527,0.052062555102416086,425
85,7,1,1,1,86,0.18075919151306152,0.051918280483870816,430
86,7,1,1,1,87,0.22478747367858887,0.05170701839788194,435
87,7,1,1,1,88,0.2357034683227539,0.04947272412015835,440
88,7,1,1,1,89,0.15335893630981445,0.048638198292300316,445
89,7,1,1,1,90,0.2326042652130127,0.0496697178315022,450
90,7,1,1,1,91,0.21990752220153809,0.05138601449353042,455
91,7,1,1,1,92,0.15268635749816895,0.05282852402092675,460
92,7,1,1,1,93,0.19569754600524902,0.048585461144103115,465
93,7,1,1,1,94,0.18367528915405273,0.04879579916540244,470
94,7,1,1,1,95,0.15477681159973145,0.048956518995695975,475
95,7,1,1,1,96,0.1858212947845459,0.04842646416174223,480
96,7,1,1,1,97,0.1622142791748047,0.04596886760460139,485
97,7,1,1,1,98,0.15378689765930176,0.046104887542430806,490
98,7,1,1,1,99,0.1631927490234375,0.047322575970795144,495
99,7,1,1,1,100,0.1662299633026123,0.04895810812892931,500
100,7,1,1,1,101,0.16309332847595215,0.048696125993513806,505
101,7,1,1,1,102,0.18436288833618164,0.04604650761129192,510
102,7,1,1,1,103,0.15362048149108887,0.046193300405242166,515
103,7,1,1,1,104,0.18900442123413086,0.04633063333670506,520
104,7,1,1,1,105,0.21375775337219238,0.04515278151822455,525
105,7,1,1,1,106,0.19224143028259277,0.04320539339132157,530
106,7,1,1,1,107,0.2248373031616211,0.04371397405761823,535
107,7,1,1,1,108,0.22216057777404785,0.04496317265227878,540
108,7,1,1,1,109,0.1945340633392334,0.04648509420798075,545
109,7,1,1,1,110,0.24882793426513672,0.04558829522085439,550
110,7,1,1,1,111,0.21767807006835938,0.043518333690572564,555
111,7,1,1,1,112,0.19114279747009277,0.04375479598073251,560
112,7,1,1,1,113,0.1916196346282959,0.0440012758971392,565
113,7,1,1,1,114,0.16345953941345215,0.043007559846168664,570
114,7,1,1,1,115,0.2150721549987793,0.04107031402054395,575
115,7,1,1,1,116,0.165602445602417,0.04144703140680528,580
116,7,1,1,1,117,0.15270733833312988,0.04254665511054556,585
117,7,1,1,1,118,0.1656949520111084,0.0439298906872303,590
118,7,1,1,1,119,0.15439581871032715,0.04364736357376142,595
119,7,1,1,1,120,0.17358708381652832,0.04145446798237118,600
120,7,1,1,1,121,0.2113351821899414,0.0416739264483692,605
121,7,1,1,1,122,0.22649121284484863,0.041916638268558404,610
122,7,1,1,1,123,0.1517345905303955,0.04138895392355213,615
123,7,1,1,1,124,0.18786978721618652,0.03905711355040664,620
124,7,1,1,1,125,0.1999361515045166,0.03917599425190088,625
125,7,1,1,1,126,0.2231311798095703,0.040101437433627485,630
126,7,1,1,1,127,0.23668694496154785,0.04137103367166339,635
127,7,1,1,1,128,0.1648082733154297,0.042140669568659694,640
128,7,1,1,1,129,0.15965747833251953,0.03937599763986399,645
129,7,1,1,1,130,0.162489652633667,0.03947682775856598,650
130,7,1,1,1,131,0.1811215877532959,0.03984290611377683,655
131,7,1,1,1,132,0.16428208351135254,0.03996525635100123,660
132,7,1,1,1,133,0.16236138343811035,0.038509747788086024,665
133,7,1,1,1,134,0.18097853660583496,0.03719595641859019,670
134,7,1,1,1,135,0.20768189430236816,0.03771637911686787,675
135,7,1,1,1,136,0.16315984725952148,0.03870633640191845,680
136,7,1,1,1,137,0.2429981231689453,0.039847377683313145,685
137,7,1,1,1,138,0.19685697555541992,0.0392025241366758,690
138,7,1,1,1,139,0.17330121994018555,0.03738807209727246,695
139,7,1,1,1,140,0.18499159812927246,0.037667224826161805,700
140,7,1,1,1,141,0.2029714584350586,0.03808008962286091,705
141,7,1,1,1,142,0.25635790824890137,0.03801280362086179,710
142,7,1,1,1,143,0.18424105644226074,0.03626204096468788,715
143,7,1,1,1,144,0.22240161895751953,0.03564683077261532,720
144,7,1,1,1,145,0.2023177146911621,0.036249357738724175,725
145,7,1,1,1,146,0.18508577346801758,0.03719621426228692,730
146,7,1,1,1,147,0.15909099578857422,0.03812238522818956,735
147,7,1,1,1,148,0.18450427055358887,0.036667025632630246,740
148,7,1,1,1,149,0.20971465110778809,0.03577174847798936,745
149,7,1,1,1,150,0.16744232177734375,0.03609927979655225,750
150,7,1,1,1,151,0.20116472244262695,0.036496103167709903,755
151,7,1,1,1,152,0.19695234298706055,0.03618681246160804,760
152,7,1,1,1,153,0.1991739273071289,0.034442570086571034,765
153,7,1,1,1,154,0.25180959701538086,0.03407357448449555,770
154,7,1,1,1,155,0.21838045120239258,0.03469139387841458,775
155,7,1,1,1,156,0.16043472290039062,0.035589008715422255,780
156,7,1,1,1,157,0.24308133125305176,0.03634921968877458,785
157,7,1,1,1,158,0.16874408721923828,0.034906311804111634,790
158,7,1,1,1,159,0.15293216705322266,0.03393905710695155,795
159,7,1,1,1,160,0.16852092742919922,0.03430281541392355,800
160,7,1,1,1,161,0.180159330368042,0.03480669545744641,805
161,7,1,1,1,162,0.16619396209716797,0.03476343112361391,810
162,7,1,1,1,163,0.18378162384033203,0.03336262601705431,815
163,7,1,1,1,164,0.15302562713623047,0.03256710615783831,820
164,7,1,1,1,165,0.17219877243041992,0.03303014313436847,825
165,7,1,1,1,166,0.15615129470825195,0.03377061959055694,830
166,7,1,1,1,167,0.1519944667816162,0.03443301435619672,835
167,7,1,1,1,168,0.20752596855163574,0.03337271791006269,840
168,7,1,1,1,169,0.2093048095703125,0.0322249003563192,845
169,7,1,1,1,170,0.1666405200958252,0.03251866720661034,850
170,7,1,1,1,171,0.1785740852355957,0.033102670248484345,855
171,7,1,1,1,172,0.1756734848022461,0.03338569398246094,860
172,7,1,1,1,173,0.21927356719970703,0.032421439328085166,865
173,7,1,1,1,174,0.15685439109802246,0.03158052184471327,870
174,7,1,1,1,175,0.1568295955657959,0.03150141888682678,875
175,7,1,1,1,176,0.1554718017578125,0.03190180238846252,880
176,7,1,1,1,177,0.20998787879943848,0.03252824174162405,885
177,7,1,1,1,178,0.15323328971862793,0.0319339346197991,890
178,7,1,1,1,179,0.20411181449890137,0.031094586164616245,895
179,7,1,1,1,180,0.19157862663269043,0.031210925394382305,900
180,7,1,1,1,181,0.17233061790466309,0.0315979834341682,905
181,7,1,1,1,182,0.16210722923278809,0.03188042774722233,910
182,7,1,1,1,183,0.24945735931396484,0.03157538718919961,915
183,7,1,1,1,184,0.1709151268005371,0.031004549547893556,920
184,7,1,1,1,185,0.16374778747558594,0.030893727327133358,925
185,7,1,1,1,186,0.2506837844848633,0.031006824870568828,930
186,7,1,1,1,187,0.1959078311920166,0.030969047009093198,935
187,7,1,1,1,188,0.22481536865234375,0.030306806889686455,940
188,7,1,1,1,189,0.15482473373413086,0.029954901634387077,945
189,7,1,1,1,190,0.26540565490722656,0.03029925947272427,950
190,7,1,1,1,191,0.2165546417236328,0.030863758406333708,955
191,7,1,1,1,192,0.200059175491333,0.03131944998952052,960
192,7,1,1,1,193,0.15346050262451172,0.030616061978182896,965
193,7,1,1,1,194,0.17259740829467773,0.03055168516718554,970
194,7,1,1,1,195,0.19235873222351074,0.030428500143612203,975
195,7,1,1,1,196,0.20248031616210938,0.030332951496318317,980
196,7,1,1,1,197,0.20172882080078125,0.029967654718724424,985
197,7,1,1,1,198,0.17668914794921875,0.028658182477985794,990
198,7,1,1,1,199,0.22036075592041016,0.028573680683407265,995
199,7,1,1,1,200,0.18816590309143066,0.029104383028104253,1000
200,7,1,1,1,201,0.15577960014343262,0.02986565596354973,1005
201,7,1,1,1,202,0.15352487564086914,0.030680296861303802,1010
202,7,1,1,1,203,0.16855955123901367,0.030298292195653387,1015
203,7,1,1,1,204,0.19036149978637695,0.02927727776185529,1020
204,7,1,1,1,205,0.20374846458435059,0.029446086402571847,1025
205,7,1,1,1,206,0.19838857650756836,0.02962762843842326,1030
206,7,1,1,1,207,0.18672442436218262,0.02962588903723229,1035
207,7,1,1,1,208,0.24146199226379395,0.02878153555869356,1040
208,7,1,1,1,209,0.2504408359527588,0.027412070583426762,1045
209,7,1,1,1,210,0.18285131454467773,0.02761866839314009,1050
210,7,1,1,1,211,0.17182588577270508,0.028216249261632798,1055
211,7,1,1,1,212,0.21727991104125977,0.02898727241750121,1060
212,7,1,1,1,213,0.16850686073303223,0.02971401144171404,1065
213,7,1,1,1,214,0.15139079093933105,0.028951018754443836,1070
214,7,1,1,1,215,0.1515951156616211,0.02782049402447173,1075
215,7,1,1,1,216,0.16040658950805664,0.028092708055465487,1080
216,7,1,1,1,217,0.1720895767211914,0.028455777254953962,1085
217,7,1,1,1,218,0.16903209686279297,0.02868531249198414,1090
218,7,1,1,1,219,0.18462777137756348,0.028105217142047167,1095
219,7,1,1,1,220,0.19019484519958496,0.026993208766158294,1100
220,7,1,1,1,221,0.18527436256408691,0.026656821440311118,1105
221,7,1,1,1,222,0.24197959899902344,0.027106176412332816,1110
222,7,1,1,1,223,0.20741915702819824,0.027720276802076893,1115
223,7,1,1,1,224,0.15061450004577637,0.028280159941779126,1120
224,7,1,1,1,225,0.19111108779907227,0.027619714093241154,1125
225,7,1,1,1,226,0.15508604049682617,0.026591613087816657,1130
226,7,1,1,1,227,0.1562039852142334,0.02678337072778869,1135
227,7,1,1,1,228,0.19198942184448242,0.02721550808518869,1140
228,7,1,1,1,229,0.180222749710083,0.02760989687376203,1145
229,7,1,1,1,230,0.20812463760375977,0.027319486163396633,1150
230,7,1,1,1,231,0.1545565128326416,0.026517788440443613,1155
231,7,1,1,1,232,0.2154698371887207,0.02617881661675081,1160
232,7,1,1,1,233,0.15159821510314941,0.026229676540444835,1165
233,7,1,1,1,234,0.19342923164367676,0.026457445909750077,1170
234,7,1,1,1,235,0.2519669532775879,0.026829631476843474,1175
235,7,1,1,1,236,0.20127511024475098,0.026364889398469482,1180
236,7,1,1,1,237,0.21593165397644043,0.025845062449491807,1185
237,7,1,1,1,238,0.17676329612731934,0.02595482151130024,1190
238,7,1,1,1,239,0.17433691024780273,0.02624339758257299,1195
239,7,1,1,1,240,0.19392657279968262,0.026491681057429495,1200
240,7,1,1,1,241,0.19255852699279785,0.02651007659450555,1205
241,7,1,1,1,242,0.16877269744873047,0.026182045939845855,1210
242,7,1,1,1,243,0.18080449104309082,0.026024672920563874,1215
243,7,1,1,1,244,0.23711800575256348,0.02602480290854081,1220
244,7,1,1,1,245,0.2232058048248291,0.026003779823961626,1225
245,7,1,1,1,246,0.25410032272338867,0.02559932895011019,1230
246,7,1,1,1,247,0.17999029159545898,0.024913585094941793,1235
247,7,1,1,1,248,0.19097018241882324,0.025003320416043806,1240
248,7,1,1,1,249,0.2849431037902832,0.025418318248379035,1245
249,7,1,1,1,250,0.21950030326843262,0.025949617153453564,1250
250,7,1,1,1,251,0.20085835456848145,0.026376058368264843,1255
251,7,1,1,1,252,0.1768631935119629,0.025539953493167955,1260
252,7,1,1,1,253,0.16430330276489258,0.02573380589640961,1265
253,7,1,1,1,254,0.15813684463500977,0.02572772768321785,1270
254,7,1,1,1,255,0.15425705909729004,0.025713030762920086,1275
255,7,1,1,1,256,0.15448927879333496,0.025534225658188192,1280
256,7,1,1,1,257,0.1512315273284912,0.024752514933203074,1285
257,7,1,1,1,258,0.15555453300476074,0.023766734008364043,1290
258,7,1,1,1,259,0.18718218803405762,0.024048058848172738,1295
259,7,1,1,1,260,0.22603154182434082,0.02456480105413361,1300
260,7,1,1,1,261,0.21066784858703613,0.025210521016313603,1305
261,7,1,1,1,262,0.15511417388916016,0.025846689146746704,1310
262,7,1,1,1,263,0.17627358436584473,0.02543668604737681,1315
263,7,1,1,1,264,0.15410184860229492,0.024409885712313395,1320
264,7,1,1,1,265,0.23537731170654297,0.024636178242629203,1325
265,7,1,1,1,266,0.16907048225402832,0.02490161998913598,1330
266,7,1,1,1,267,0.1663973331451416,0.0251107939914883,1335
267,7,1,1,1,268,0.2132554054260254,0.024938119790138713,1340
268,7,1,1,1,269,0.1577775478363037,0.02399533792529196,1345
269,7,1,1,1,270,0.1694471836090088,0.023256239650571997,1350
270,7,1,1,1,271,0.16942119598388672,0.02343875251338634,1355
271,7,1,1,1,272,0.1553196907043457,0.023909219346386235,1360
272,7,1,1,1,273,0.16280722618103027,0.024470825074357605,1365
273,7,1,1,1,274,0.22026872634887695,0.024880844094611443,1370
274,7,1,1,1,275,0.15265130996704102,0.024155603849776663,1375
275,7,1,1,1,276,0.2702946662902832,0.023408947839807404,1380
276,7,1,1,1,277,0.1568288803100586,0.023626274475196496,1385
277,7,1,1,1,278,0.1802387237548828,0.023974699977643787,1390
278,7,1,1,1,279,0.16849923133850098,0.02429517859046293,1395
279,7,1,1,1,280,0.2476358413696289,0.02415506434268444,1400
280,7,1,1,1,281,0.15387439727783203,0.023461170252804475,1405
281,7,1,1,1,282,0.17993831634521484,0.023042766302869166,1410
282,7,1,1,1,283,0.1707472801208496,0.022992095516524036,1415
283,7,1,1,1,284,0.19870710372924805,0.023149173659912092,1420
284,7,1,1,1,285,0.21479558944702148,0.02346775174164273,1425
285,7,1,1,1,286,0.15469813346862793,0.0235579630018371,1430
286,7,1,1,1,287,0.16250371932983398,0.022966073315574875,1435
287,7,1,1,1,288,0.2413337230682373,0.022734046626490367,1440
288,7,1,1,1,289,0.23976373672485352,0.02286644350236766,1445
289,7,1,1,1,290,0.22724032402038574,0.02310111669738335,1450
290,7,1,1,1,291,0.16379690170288086,0.023429651379193395,1455
291,7,1,1,1,292,0.2362961769104004,0.023418381733972704,1460
292,7,1,1,1,293,0.20348405838012695,0.02310344570137368,1465
293,7,1,1,1,294,0.15279340744018555,0.02296922679019675,1470
294,7,1,1,1,295,0.16134881973266602,0.022976582642552645,1475
295,7,1,1,1,296,0.15974140167236328,0.022998158394228918,1480
296,7,1,1,1,297,0.15120673179626465,0.02282213921100973,1485
297,7,1,1,1,298,0.16376757621765137,0.022147041059818684,1490
298,7,1,1,1,299,0.15719270706176758,0.02204230565144505,1495
299,7,1,1,1,300,0.18566274642944336,0.02230279153171999,1500
300,7,1,1,1,301,0.1760103702545166,0.022700360174494505,1505
301,7,1,1,1,302,0.1852245330810547,0.02311580429391824,1510
302,7,1,1,1,303,0.1901693344116211,0.023015984605811335,1515
303,7,1,1,1,304,0.17040586471557617,0.022804994148784452,1520
304,7,1,1,1,305,0.273604154586792,0.02282746005845826,1525
305,7,1,1,1,306,0.18047070503234863,0.02283055204580342,1530
306,7,1,1,1,307,0.18001222610473633,0.022800599519302467,1535
307,7,1,1,1,308,0.1929001808166504,0.02259217599965524,1540
308,7,1,1,1,309,0.16516518592834473,0.0218494562960293,1545
309,7,1,1,1,310,0.18984746932983398,0.021083222510670407,1550
310,7,1,1,1,311,0.1633448600769043,0.021340349203616493,1555
311,7,1,1,1,312,0.17018485069274902,0.021773614121675333,1560
312,7,1,1,1,313,0.20776748657226562,0.02230641920607357,1565
313,7,1,1,1,314,0.22051453590393066,0.022841822456195482,1570
314,7,1,1,1,315,0.15067362785339355,0.022706454809318988,1575
315,7,1,1,1,316,0.24734735488891602,0.02164396874557173,1580
316,7,1,1,1,317,0.1710493564605713,0.021847262239822474,1585
317,7,1,1,1,318,0.1886157989501953,0.02207142368321957,1590
318,7,1,1,1,319,0.18650364875793457,0.022304629735774517,1595
319,7,1,1,1,320,0.1660611629486084,0.02237466860453874,1600
320,7,1,1,1,321,0.21085429191589355,0.02186476741491372,1605
321,7,1,1,1,322,0.2239375114440918,0.02108549696090889,1610
322,7,1,1,1,323,0.15249085426330566,0.020714413308735136,1615
323,7,1,1,1,324,0.15285158157348633,0.020939181371741666,1620
324,7,1,1,1,325,0.21565771102905273,0.02136218005788637,1625
325,7,1,1,1,326,0.18102622032165527,0.02183063597709256,1630
326,7,1,1,1,327,0.22055506706237793,0.022030633423900214,1635
327,7,1,1,1,328,0.19109320640563965,0.021368386288815544,1640
328,7,1,1,1,329,0.18793296813964844,0.020831527431636077,1645
329,7,1,1,1,330,0.1843256950378418,0.021028984977853882,1650
330,7,1,1,1,331,0.17386579513549805,0.021343268783431735,1655
331,7,1,1,1,332,0.17146515846252441,0.021657011518392277,1660
332,7,1,1,1,333,0.16331267356872559,0.02166229367122552,1665
333,7,1,1,1,334,0.17231297492980957,0.021175260666683515,1670
334,7,1,1,1,335,0.1914827823638916,0.0208123983528391,1675
335,7,1,1,1,336,0.15212488174438477,0.020730297954822396,1680
336,7,1,1,1,337,0.23297476768493652,0.0208101859824259,1685
337,7,1,1,1,338,0.20711421966552734,0.020936801867752153,1690
338,7,1,1,1,339,0.2071831226348877,0.020962681502225466,1695
339,7,1,1,1,340,0.15604782104492188,0.020666745147765453,1700
340,7,1,1,1,341,0.15703439712524414,0.02036642220085716,1705
341,7,1,1,1,342,0.19974970817565918,0.02045710481074181,1710
342,7,1,1,1,343,0.16094040870666504,0.020671621312467248,1715
343,7,1,1,1,344,0.18658876419067383,0.020898575223467386,1720
344,7,1,1,1,345,0.19990277290344238,0.021011814250144756,1725
345,7,1,1,1,346,0.16987967491149902,0.021014367275544288,1730
346,7,1,1,1,347,0.15131282806396484,0.020861565511806734,1735
347,7,1,1,1,348,0.1656486988067627,0.020802680149857644,1740
348,7,1,1,1,349,0.1678919792175293,0.020790090866006583,1745
349,7,1,1,1,350,0.19447660446166992,0.020727342032223484,1750
350,7,1,1,1,351,0.1800074577331543,0.020425380136590787,1755
351,7,1,1,1,352,0.2213153839111328,0.019673257153663193,1760
352,7,1,1,1,353,0.22095727920532227,0.019688113174506472,1765
353,7,1,1,1,354,0.18490123748779297,0.01996622234683776,1770
354,7,1,1,1,355,0.18197894096374512,0.02035200882803523,1775
355,7,1,1,1,356,0.18972253799438477,0.020772395209965766,1780
356,7,1,1,1,357,0.17430448532104492,0.02100814605535173,1785
357,7,1,1,1,358,0.17125463485717773,0.020253269512300554,1790
358,7,1,1,1,359,0.15369081497192383,0.020433862599741115,1795
359,7,1,1,1,360,0.18218755722045898,0.020522462776877637,1800
360,7,1,1,1,361,0.17308402061462402,0.020609404467909376,1805
361,7,1,1,1,362,0.1611342430114746,0.020610468707752183,1810
362,7,1,1,1,363,0.2007451057434082,0.020325027454949574,1815
363,7,1,1,1,364,0.2245469093322754,0.019551800804752384,1820
364,7,1,1,1,365,0.2701890468597412,0.019016240102727178,1825
365,7,1,1,1,366,0.21989893913269043,0.019214614732867785,1830
366,7,1,1,1,367,0.21848368644714355,0.0195897593663219,1835
367,7,1,1,1,368,0.26375889778137207,0.02003796377552114,1840
368,7,1,1,1,369,0.18405771255493164,0.020476086300269647,1845
369,7,1,1,1,370,0.1606154441833496,0.020377381861687693,1850
370,7,1,1,1,371,0.1881120204925537,0.019516262609092005,1855
371,7,1,1,1,372,0.19471406936645508,0.01947657522187307,1860
372,7,1,1,1,373,0.18005657196044922,0.019690868507125647,1865
373,7,1,1,1,374,0.23554134368896484,0.019951389047503265,1870
374,7,1,1,1,375,0.20510411262512207,0.020155914392302687,1875
375,7,1,1,1,376,0.2135624885559082,0.020032457508011525,1880
376,7,1,1,1,377,0.22373557090759277,0.019485631091723077,1885
377,7,1,1,1,378,0.15407824516296387,0.01908519924508645,1890
378,7,1,1,1,379,0.17105913162231445,0.018976304546184153,1895
379,7,1,1,1,380,0.19872045516967773,0.019047946937122417,1900
380,7,1,1,1,381,0.1596386432647705,0.019246792011967773,1905
381,7,1,1,1,382,0.17943835258483887,0.01957559911968354,1910
382,7,1,1,1,383,0.16766023635864258,0.01944314834620453,1915
383,7,1,1,1,384,0.17012476921081543,0.01894684651251166,1920
384,7,1,1,1,385,0.16988515853881836,0.01880853938104432,1925
385,7,1,1,1,386,0.23175597190856934,0.018889342107142104,1930
386,7,1,1,1,387,0.2061450481414795,0.019167223712887815,1935
387,7,1,1,1,388,0.17897295951843262,0.019496349497002186,1940
388,7,1,1,1,389,0.21509170532226562,0.019547673810884847,1945
389,7,1,1,1,390,0.16968321800231934,0.019300550075914913,1950
390,7,1,1,1,391,0.18767642974853516,0.019138059381476835,1955
391,7,1,1,1,392,0.18523764610290527,0.019106639976479545,1960
392,7,1,1,1,393,0.24999570846557617,0.019135841323249525,1965
393,7,1,1,1,394,0.18579483032226562,0.01913652392541132,1970
394,7,1,1,1,395,0.174346923828125,0.018938563464589775,1975
395,7,1,1,1,396,0.1543285846710205,0.018403796928853633,1980
396,7,1,1,1,397,0.1909043788909912,0.018349622727829806,1985
397,7,1,1,1,398,0.22579407691955566,0.018541232228612703,1990
398,7,1,1,1,399,0.1896345615386963,0.018827711787534285,1995
399,7,1,1,1,400,0.15897011756896973,0.01913438896547226,2000
400,7,1,1,1,401,0.19356203079223633,0.01928070688118566,2005
401,7,1,1,1,402,0.17033863067626953,0.019009069929723732,2010
402,7,1,1,1,403,0.1597151756286621,0.019076640174483628,2015
403,7,1,1,1,404,0.1578812599182129,0.019075712286319657,2020
404,7,1,1,1,405,0.15485858917236328,0.019087340609564185,2025
405,7,1,1,1,406,0.15322446823120117,0.019054526084380186,2030
406,7,1,1,1,407,0.15263152122497559,0.01886310410284553,2035
407,7,1,1,1,408,0.16393327713012695,0.018274344770237816,2040
408,7,1,1,1,409,0.2554605007171631,0.017682339197606978,2045
409,7,1,1,1,410,0.23696446418762207,0.0178197958608296,2050
410,7,1,1,1,411,0.1991279125213623,0.01813259244963361,2055
411,7,1,1,1,412,0.22031474113464355,0.018519293340311216,2060
412,7,1,1,1,413,0.21865439414978027,0.018929349385884642,2065
413,7,1,1,1,414,0.1588737964630127,0.019151976659640746,2070
414,7,1,1,1,415,0.15178942680358887,0.018474399546015263,2075
415,7,1,1,1,416,0.2462444305419922,0.018259404467177553,2080
416,7,1,1,1,417,0.18289709091186523,0.018419462786135044,2085
417,7,1,1,1,418,0.15988564491271973,0.018615415908111554,2090
418,7,1,1,1,419,0.18255114555358887,0.018788610343290935,2095
419,7,1,1,1,420,0.16986393928527832,0.01881215725047969,2100
420,7,1,1,1,421,0.1794431209564209,0.018394853693010416,2105
421,7,1,1,1,422,0.23277044296264648,0.017826595977901705,2110
422,7,1,1,1,423,0.16112565994262695,0.017542271964277267,2115
423,7,1,1,1,424,0.1979973316192627,0.017491428903538275,2120
424,7,1,1,1,425,0.1857912540435791,0.017791567823877363,2125
425,7,1,1,1,426,0.1566941738128662,0.018143346019585893,2130
426,7,1,1,1,427,0.22600722312927246,0.018447385401623717,2135
427,7,1,1,1,428,0.1752948760986328,0.018233649934867757,2140
428,7,1,1,1,429,0.16356539726257324,0.017650606504946542,2145
429,7,1,1,1,430,0.2031543254852295,0.017548580976225137,2150
430,7,1,1,1,431,0.19470596313476562,0.017754001273316056,2155
431,7,1,1,1,432,0.1888573169708252,0.018022672047785737,2160
432,7,1,1,1,433,0.16749787330627441,0.01827885241478211,2165
433,7,1,1,1,434,0.1745166778564453,0.018299075406407406,2170
434,7,1,1,1,435,0.15173697471618652,0.017984278547708343,2175
435,7,1,1,1,436,0.23770928382873535,0.017734775128789515,2180
436,7,1,1,1,437,0.15781903266906738,0.017661371670890658,2185
437,7,1,1,1,438,0.16927003860473633,0.017693477937358093,2190
438,7,1,1,1,439,0.22368741035461426,0.01776326482689161,2195
439,7,1,1,1,440,0.25716185569763184,0.017775370310974092,2200
440,7,1,1,1,441,0.15392565727233887,0.01749436522515213,2205
441,7,1,1,1,442,0.16403484344482422,0.017222455520654045,2210
442,7,1,1,1,443,0.18864774703979492,0.017211812785496994,2215
443,7,1,1,1,444,0.19812560081481934,0.017369153652338043,2220
444,7,1,1,1,445,0.2062981128692627,0.017581279452416165,2225
445,7,1,1,1,446,0.16019201278686523,0.017771841584432124,2230
446,7,1,1,1,447,0.15573525428771973,0.017789494675306106,2235
447,7,1,1,1,448,0.18314433097839355,0.01788829594256014,2240
448,7,1,1,1,449,0.2092137336730957,0.017820943569715864,2245
449,7,1,1,1,450,0.21184062957763672,0.017780027548258803,2250
450,7,1,1,1,451,0.22560763359069824,0.017757968206602248,2255
451,7,1,1,1,452,0.19415855407714844,0.017702211678709445,2260
452,7,1,1,1,453,0.2074899673461914,0.017520428697087254,2265
453,7,1,1,1,454,0.20338797569274902,0.017027971571116796,2270
454,7,1,1,1,455,0.21587824821472168,0.016556913453310784,2275
455,7,1,1,1,456,0.2608006000518799,0.01671585680224963,2280
456,7,1,1,1,457,0.20090317726135254,0.016988711772558007,2285
457,7,1,1,1,458,0.2493143081665039,0.01732419740985791,2290
458,7,1,1,1,459,0.20192408561706543,0.017677112318523314,2295
459,7,1,1,1,460,0.22787809371948242,0.017889438751426456,2300
460,7,1,1,1,461,0.2587549686431885,0.017234945380072753,2305
461,7,1,1,1,462,0.28363776206970215,0.017268033135216965,2310
462,7,1,1,1,463,0.2509269714355469,0.017389127567400964,2315
463,7,1,1,1,464,0.18300342559814453,0.017527375209448692,2320
464,7,1,1,1,465,0.21184659004211426,0.017631986381110742,2325
465,7,1,1,1,466,0.19402337074279785,0.017615026455971128,2330
466,7,1,1,1,467,0.21855688095092773,0.017242449173062835,2335
467,7,1,1,1,468,0.20545625686645508,0.01667252128315788,2340
468,7,1,1,1,469,0.19697141647338867,0.016343300585694664,2345
469,7,1,1,1,470,0.20700716972351074,0.01632904971514637,2350
470,7,1,1,1,471,0.20011568069458008,0.01661180789261152,2355
471,7,1,1,1,472,0.18750858306884766,0.016947436581454922,2360
472,7,1,1,1,473,0.18835973739624023,0.017286259271446225,2365
473,7,1,1,1,474,0.17916059494018555,0.017365865292332194,2370
474,7,1,1,1,475,0.1975247859954834,0.016890439124544576,2375
475,7,1,1,1,476,0.23642468452453613,0.016475036286505818,2380
476,7,1,1,1,477,0.17809534072875977,0.016620178030802624,2385
477,7,1,1,1,478,0.1744403839111328,0.0168298804784911,2390
478,7,1,1,1,479,0.19798851013183594,0.017067239553075098,2395
479,7,1,1,1,480,0.20491933822631836,0.01723392302104798,2400
480,7,1,1,1,481,0.16273069381713867,0.01710209430056031,2405
481,7,1,1,1,482,0.153731107711792,0.0167481593575054,2410
482,7,1,1,1,483,0.18250036239624023,0.01653510891847254,2415
483,7,1,1,1,484,0.17308330535888672,0.01648061389518951,2420
484,7,1,1,1,485,0.17114472389221191,0.01652394132012447,2425
485,7,1,1,1,486,0.22623968124389648,0.016607196047096484,2430
486,7,1,1,1,487,0.17190313339233398,0.01664949163696683,2435
487,7,1,1,1,488,0.15979933738708496,0.016501675190098597,2440
488,7,1,1,1,489,0.23576641082763672,0.01622419252502394,2445
489,7,1,1,1,490,0.2059328556060791,0.01614211757992856,2450
490,7,1,1,1,491,0.16690874099731445,0.01624293683248823,2455
491,7,1,1,1,492,0.17241930961608887,0.016401432874319832,2460
492,7,1,1,1,493,0.1562504768371582,0.016560125408982884,2465
493,7,1,1,1,494,0.16051626205444336,0.016716820781971675,2470
494,7,1,1,1,495,0.15521240234375,0.016795256433276284,2475
495,7,1,1,1,496,0.1562633514404297,0.016712768227221342,2480
496,7,1,1,1,497,0.21843719482421875,0.016656196251000233,2485
497,7,1,1,1,498,0.17467880249023438,0.016639112313500903,2490
498,7,1,1,1,499,0.2594594955444336,0.01662241373218032,2495
499,7,1,1,1,500,0.19989943504333496,0.016546499204584286,2500
500,7,1,1,1,501,0.1678621768951416,0.01629446271350643,2505
501,7,1,1,1,502,0.16143345832824707,0.01576824772737495,2510
502,7,1,1,1,503,0.1942002773284912,0.01563042690981975,2515
503,7,1,1,1,504,0.16866397857666016,0.01581314388691757,2520
504,7,1,1,1,505,0.19360971450805664,0.01607369359180355,2525
505,7,1,1,1,506,0.2640676498413086,0.016373619991246535,2530
506,7,1,1,1,507,0.23794889450073242,0.016658750502623776,2535
507,7,1,1,1,508,0.2348170280456543,0.016603099742365846,2540
508,7,1,1,1,509,0.16482234001159668,0.01620484973991687,2545
509,7,1,1,1,510,0.16333508491516113,0.016312401243699814,2550
510,7,1,1,1,511,0.15839147567749023,0.016405025999958522,2555
511,7,1,1,1,512,0.15262818336486816,0.016505097212635822,2560
512,7,1,1,1,513,0.16328740119934082,0.01656401459518586,2565
513,7,1,1,1,514,0.15468692779541016,0.016498264804372775,2570
514,7,1,1,1,515,0.16506695747375488,0.016104449932443643,2575
515,7,1,1,1,516,0.18126368522644043,0.015605511048922605,2580
516,7,1,1,1,517,0.2303788661956787,0.01534704046803892,2585
517,7,1,1,1,518,0.20284104347229004,0.015384122879080309,2590
518,7,1,1,1,519,0.20534944534301758,0.01564630244585774,2595
519,7,1,1,1,520,0.17236948013305664,0.015951776129012996,2600
520,7,1,1,1,521,0.1530473232269287,0.016255657138664725,2605
521,7,1,1,1,522,0.1690375804901123,0.016324719756957706,2610
522,7,1,1,1,523,0.15378427505493164,0.01588243416124102,2615
523,7,1,1,1,524,0.1529092788696289,0.01553870862101503,2620
524,7,1,1,1,525,0.19498896598815918,0.015661658151353786,2625
525,7,1,1,1,526,0.19246697425842285,0.01584747827120092,2630
526,7,1,1,1,527,0.2609894275665283,0.01605989142626474,2635
527,7,1,1,1,528,0.19815516471862793,0.01622376540883974,2640
528,7,1,1,1,529,0.24683785438537598,0.016163979275982898,2645
529,7,1,1,1,530,0.1768331527709961,0.015842363800267045,2650
530,7,1,1,2,1,0.19203639030456543,0.20892987954422848,5
531,7,1,1,2,2,0.21332788467407227,0.10594613043455647,10
532,7,1,1,2,3,0.18111586570739746,0.07063075362303595,15
533,7,1,1,2,4,0.21247100830078125,0.05297306521727374,20
534,7,1,1,2,5,0.18892335891723633,0.042378452173831294,25
535,7,1,1,2,6,0.15925192832946777,0.03531537681151653,30
536,7,1,1,2,7,0.1815354824066162,0.030270322981305386,35
537,7,1,1,2,8,0.1790454387664795,0.026486532608643754,40
538,7,1,1,2,9,0.24832534790039062,0.023543584541015794,45
539,7,1,1,2,10,0.254453182220459,0.02118922608692153,50
540,7,1,1,2,11,0.20429253578186035,0.01926293280627911,55
541,7,1,1,2,12,0.17206716537475586,0.01765768840575832,60
542,7,1,1,2,13,0.206129789352417,0.016299404682241447,65
543,7,1,1,2,14,0.18256735801696777,0.015135161490647975,70
544,7,1,1,2,15,0.17308855056762695,0.01412615072461687,75
545,7,1,1,2,16,0.20823311805725098,0.013243266304322154,80
546,7,1,1,2,17,0.1560077667236328,0.012464250639364072,85
547,7,1,1,2,18,0.15523076057434082,0.011771792270511394,90
548,7,1,1,2,19,0.1550917625427246,0.01115222425626572,95
549,7,1,1,2,20,0.1525115966796875,0.010594613043458434,100
550,7,1,1,2,21,0.15246367454528809,0.010090107660429393,105
551,7,1,1,2,22,0.1824502944946289,0.009631466403139832,110
552,7,1,1,2,23,0.22795510292053223,0.009212706994310427,115
553,7,1,1,2,24,0.21743059158325195,0.00882884420287422,120
554,7,1,1,2,25,0.19193673133850098,0.00847569043476415,125
555,7,1,1,2,26,0.1546459197998047,0.008149702341117893,130
556,7,1,1,2,27,0.21512913703918457,0.00784786151367034,135
557,7,1,1,2,28,0.18494606018066406,0.0075675807453267074,140
558,7,1,1,2,29,0.23934578895568848,0.007306629685135513,145
559,7,1,1,2,30,0.16249465942382812,0.007063075362313431,150
560,7,1,1,2,31,0.19335222244262695,0.006835234221581832,155
561,7,1,1,2,32,0.22969555854797363,0.006621633152156248,160
562,7,1,1,2,33,0.19718122482299805,0.006420977602098588,165
563,7,1,1,2,34,0.17221450805664062,0.006232125319681536,170
564,7,1,1,2,35,0.25097131729125977,0.006054064596261122,175
565,7,1,1,2,36,0.24777483940124512,0.0058858961352479255,180
566,7,1,1,2,37,0.2599766254425049,0.0057268178613189,185
567,7,1,1,2,38,0.1713261604309082,0.005576112128132249,190
568,7,1,1,2,39,0.18834519386291504,0.005433134894079705,195
569,7,1,1,2,40,0.21170306205749512,0.005297306521732104,200
570,7,1,1,2,41,0.22217798233032227,0.005168103923637979,205
571,7,1,1,2,42,0.21212267875671387,0.005045053830219026,210
572,7,1,1,2,43,0.17165422439575195,0.004927726996957427,215
573,7,1,1,2,44,0.19437575340270996,0.004815733201571248,220
574,7,1,1,2,45,0.24747920036315918,0.004708716908204846,225
575,7,1,1,2,46,0.19273948669433594,0.004606353497151994,230
576,7,1,1,2,47,0.18257999420166016,0.004508345975937855,235
577,7,1,1,2,48,0.18175888061523438,0.004414422101438498,240
578,7,1,1,2,49,0.26738929748535156,0.004324331854472674,245
579,7,1,1,2,50,0.22823834419250488,0.004237845217375691,250
580,7,1,1,2,51,0.19109010696411133,0.004154750213116065,255
581,7,1,1,2,52,0.2618067264556885,0.0040748511705548385,260
582,7,1,1,2,53,0.2375802993774414,0.0039979671862100385,265
583,7,1,1,2,54,0.1777334213256836,0.0039239307568327275,270
584,7,1,1,2,55,0.20458436012268066,0.0038525865612476506,275
585,7,1,1,2,56,0.23009896278381348,0.0037837903726688493,280
586,7,1,1,2,57,0.2068483829498291,0.003717408085429641,285
587,7,1,1,2,58,0.20264339447021484,0.0036533148425620388,290
588,7,1,1,2,59,0.1958010196685791,0.0035913942520166,295
589,7,1,1,2,60,0.24326181411743164,0.0035315376811542176,300
590,7,1,1,2,61,0.20258474349975586,0.003473643620806821,305
591,7,1,1,2,62,0.20134615898132324,0.0034176171107929143,310
592,7,1,1,2,63,0.20023679733276367,0.0033633692201516796,315
593,7,1,1,2,64,0.23084235191345215,0.003310816576082898,320
594,7,1,1,2,65,0.22871923446655273,0.0032598809364517978,325
595,7,1,1,2,66,0.25577235221862793,0.003210488801048239,330
596,7,1,1,2,67,0.1746385097503662,0.0031625710577450894,335
597,7,1,1,2,68,0.24429607391357422,0.0031160626598437657,340
598,7,1,1,2,69,0.22258830070495605,0.0030709023314390294,345
599,7,1,1,2,70,0.1614079475402832,0.0030270322981308384,350
600,7,1,1,2,71,0.24169230461120605,0.0029843980404102854,355
601,7,1,1,2,72,0.17222332954406738,0.0029429480676278486,360
602,7,1,1,2,73,0.17243003845214844,0.00290263371053745,365
603,7,1,1,2,74,0.22735071182250977,0.002863408930662392,370
604,7,1,1,2,75,0.17560863494873047,0.00282523014492142,375
605,7,1,1,2,76,0.15706992149353027,0.0027880560640687335,380
606,7,1,1,2,77,0.1932530403137207,0.002751847543759789,385
607,7,1,1,2,78,0.26018762588500977,0.0027165674470428502,390
608,7,1,1,2,79,0.23539257049560547,0.002682180517329713,395
609,7,1,1,2,80,0.2193281650543213,0.002648653260861389,400
610,7,1,1,2,81,0.19083499908447266,0.0026159538378872638,405
611,7,1,1,2,82,0.21036291122436523,0.002584051961821765,410
612,7,1,1,2,83,0.19836068153381348,0.0025529188056548913,415
613,7,1,1,2,84,0.1548154354095459,0.0025225269151085694,420
614,7,1,1,2,85,0.16220521926879883,0.002492850127865265,425
615,7,1,1,2,86,0.15958213806152344,0.0024638634984748276,430
616,7,1,1,2,87,0.1665198802947998,0.002435543228381576,435
617,7,1,1,2,88,0.211578369140625,0.0024078666007870675,440
618,7,1,1,2,89,0.22809529304504395,0.0023808119198727162,445
619,7,1,1,2,90,0.21608686447143555,0.0023543584541005913,450
620,7,1,1,2,91,0.19073820114135742,0.002328486383171624,455
621,7,1,1,2,92,0.20122933387756348,0.0023031767485730548,460
622,7,1,1,2,93,0.15174508094787598,0.002278411407194647,465
623,7,1,1,2,94,0.15347027778625488,0.002254172987965819,470
624,7,1,1,2,95,0.17379331588745117,0.0022304448512519004,475
625,7,1,1,2,96,0.21285533905029297,0.0022072110507147524,480
626,7,1,1,2,97,0.15485835075378418,0.002184456297618542,485
627,7,1,1,2,98,0.1531507968902588,0.002162165927233284,490
628,7,1,1,2,99,0.1538410186767578,0.0021403258673644565,495
629,7,1,1,2,100,0.15569472312927246,0.0021189226086932855,500
630,7,1,1,2,101,0.16586899757385254,0.0020979431769128087,505
631,7,1,1,2,102,0.18406224250793457,0.0020773751065532586,510
632,7,1,1,2,103,0.1703629493713379,0.0020572064162035497,515
633,7,1,1,2,104,0.1881420612335205,0.0020374255852791956,520
634,7,1,1,2,105,0.21473932266235352,0.0020180215320829697,525
635,7,1,1,2,106,0.1610274314880371,0.001998983593108572,530
636,7,1,1,2,107,0.20935893058776855,0.0019803015034585147,535
637,7,1,1,2,108,0.17415499687194824,0.0019619653784173074,540
638,7,1,1,2,109,0.24202418327331543,0.0019439656960444918,545
639,7,1,1,2,110,0.2426156997680664,0.0019262932806362043,550
640,7,1,1,2,111,0.1501014232635498,0.0019089392871167732,555
641,7,1,1,2,112,0.15487265586853027,0.0018918951863423628,560
642,7,1,1,2,113,0.15389776229858398,0.001875152751054987,565
643,7,1,1,2,114,0.187347412109375,0.0018587040427137103,570
644,7,1,1,2,115,0.1750936508178711,0.001842541398870301,575
645,7,1,1,2,116,0.22521638870239258,0.0018266574212930653,580
646,7,1,1,2,117,0.16239571571350098,0.0018110449646983051,585
647,7,1,1,2,118,0.24751901626586914,0.001795697126016571,590
648,7,1,1,2,119,0.25897717475891113,0.0017806072341964851,595
649,7,1,1,2,120,0.2627086639404297,0.0017657688405804395,600
650,7,1,1,2,121,0.15862250328063965,0.0017511757096666525,605
651,7,1,1,2,122,0.2214348316192627,0.001736821810408351,610
652,7,1,1,2,123,0.18852853775024414,0.001722701307882324,615
653,7,1,1,2,124,0.2776782512664795,0.0017088085554027854,620
654,7,1,1,2,125,0.2290935516357422,0.0016951380869577592,625
655,7,1,1,2,126,0.17435216903686523,0.00168168461007423,630
656,7,1,1,2,127,0.1820235252380371,0.001668442998972397,635
657,7,1,1,2,128,0.1811671257019043,0.001655408288042337,640
658,7,1,1,2,129,0.24976348876953125,0.001642575665659174,645
659,7,1,1,2,130,0.16615653038024902,0.0016299404682227348,650
660,7,1,1,2,131,0.23129558563232422,0.001617498174574794,655
661,7,1,1,2,132,0.16426944732666016,0.0016052444005288935,660
662,7,1,1,2,133,0.20319271087646484,0.0015931748937592083,665
663,7,1,1,2,134,0.1743011474609375,0.0015812855288738215,670
664,7,1,1,2,135,0.22705554962158203,0.0015695723027367992,675
665,7,1,1,2,136,0.15059709548950195,0.0015580313299228266,680
666,7,1,1,2,137,0.16930437088012695,0.0015466588384639435,685
667,7,1,1,2,138,0.1529865264892578,0.0015354511657195147,690
668,7,1,1,2,139,0.16662144660949707,0.0015244047544629158,695
669,7,1,1,2,140,0.15747356414794922,0.0015135161490681392,700
670,7,1,1,2,141,0.15549635887145996,0.0015027819919810614,705
671,7,1,1,2,142,0.1572554111480713,0.001492199020206919,710
672,7,1,1,2,143,0.2178668975830078,0.0014817640620217176,715
673,7,1,1,2,144,0.16741561889648438,0.0014714740338178656,720
674,7,1,1,2,145,0.15349268913269043,0.0014613259370308551,725
675,7,1,1,2,146,0.17575621604919434,0.001451316855271556,730
676,7,1,1,2,147,0.2079944610595703,0.0014414439514879307,735
677,7,1,1,2,148,0.15325617790222168,0.0014317044653353594,740
678,7,1,1,2,149,0.2174513339996338,0.0014220957105351983,745
679,7,1,1,2,150,0.1795482635498047,0.0014126150724643738,750
680,7,1,1,2,151,0.16295194625854492,0.0014032600057624078,755
681,7,1,1,2,152,0.21542119979858398,0.0013940280320396958,760
682,7,1,1,2,153,0.1598799228668213,0.0013849167377131266,765
683,7,1,1,2,154,0.21700119972229004,0.0013759237718800055,770
684,7,1,1,2,155,0.15433740615844727,0.0013670468443134354,775
685,7,1,1,2,156,0.1865980625152588,0.0013582837235214251,780
686,7,1,1,2,157,0.21191859245300293,0.001349632234838749,785
687,7,1,1,2,158,0.22122764587402344,0.0013410902586710183,790
688,7,1,1,2,159,0.16654396057128906,0.0013326557287363094,795
689,7,1,1,2,160,0.1585853099822998,0.0013243266304314716,800
690,7,1,1,2,161,0.16323614120483398,0.0013161009991898842,805
691,7,1,1,2,162,0.25191187858581543,0.0013079769189408008,810
692,7,1,1,2,163,0.21560072898864746,0.0012999525206720541,815
693,7,1,1,2,164,0.1632993221282959,0.0012920259809151569,820
694,7,1,1,2,165,0.15975475311279297,0.0012841955204213606,825
695,7,1,1,2,166,0.15610432624816895,0.0012764594028290555,830
696,7,1,1,2,167,0.16008305549621582,0.0012688159333495985,835
697,7,1,1,2,168,0.20668411254882812,0.0012612634575539516,840
698,7,1,1,2,169,0.1954202651977539,0.001253800360171975,845
699,7,1,1,2,170,0.2218637466430664,0.0012464250639323549,850
700,7,1,1,2,171,0.19736433029174805,0.0012391360284729203,855
701,7,1,1,2,172,0.18300461769104004,0.0012319317492373028,860
702,7,1,1,2,173,0.1884622573852539,0.001224810756470851,865
703,7,1,1,2,174,0.26413536071777344,0.001217771614191232,870
704,7,1,1,2,175,0.18697571754455566,0.0012108129192550665,875
705,7,1,1,2,176,0.17754340171813965,0.0012039333003959207,880
706,7,1,1,2,177,0.16454434394836426,0.001197131417341124,885
707,7,1,1,2,178,0.18416666984558105,0.001190405959935692,890
708,7,1,1,2,179,0.23023343086242676,0.001183755647315321,895
709,7,1,1,2,180,0.17496395111083984,0.0011771792270448556,900
710,7,1,1,2,181,0.19665741920471191,0.0011706754744146286,905
711,7,1,1,2,182,0.1860954761505127,0.0011642431915884766,910
712,7,1,1,2,183,0.2493753433227539,0.001157881206935718,915
713,7,1,1,2,184,0.17484498023986816,0.0011515883742815314,920
714,7,1,1,2,185,0.17239737510681152,0.0011453635722638023,925
715,7,1,1,2,186,0.16451621055603027,0.001139205703596713,930
716,7,1,1,2,187,0.2778937816619873,0.0011331136944859876,935
717,7,1,1,2,188,0.166046142578125,0.0011270864939819658,940
718,7,1,1,2,189,0.16051483154296875,0.001121123073377972,945
719,7,1,1,2,190,0.16600680351257324,0.0011152224256252286,950
720,7,1,1,2,191,0.18020296096801758,0.0011093835647675299,955
721,7,1,1,2,192,0.15673184394836426,0.0011036055253588195,960
722,7,1,1,2,193,0.16187310218811035,0.0010978873620185459,965
723,7,1,1,2,194,0.16051006317138672,0.001092228148808938,970
724,7,1,1,2,195,0.1888415813446045,0.001086626978817562,975
725,7,1,1,2,196,0.24497747421264648,0.0010810829636199726,980
726,7,1,1,2,197,0.15645503997802734,0.0010755952328461715,985
727,7,1,1,2,198,0.16151690483093262,0.0010701629336852259,990
728,7,1,1,2,199,0.1546180248260498,0.0010647852304966898,995
729,7,1,1,2,200,0.22510957717895508,0.0010594613043455325,1000
730,7,1,1,2,201,0.21337223052978516,0.0010541903525831398,1005
731,7,1,1,2,202,0.15493559837341309,0.0010489715884623996,1010
732,7,1,1,2,203,0.15645098686218262,0.0010438042407352466,1015
733,7,1,1,2,204,0.1546764373779297,0.0010386875532789608,1020
734,7,1,1,2,205,0.2259047031402588,0.0010336207847329026,1025
735,7,1,1,2,206,0.20914173126220703,0.0010286032081107122,1030
736,7,1,1,2,207,0.15705227851867676,0.0010236341104842284,1035
737,7,1,1,2,208,0.1660923957824707,0.0010187127926374329,1040
738,7,1,1,2,209,0.15215659141540527,0.001013838568748815,1045
739,7,1,1,2,210,0.15486383438110352,0.0010090107660436498,1050
740,7,1,1,2,211,0.18636560440063477,0.001004228724498235,1055
741,7,1,1,2,212,0.1528472900390625,0.0009994917965585604,1060
742,7,1,1,2,213,0.19212675094604492,0.0009947993468087946,1065
743,7,1,1,2,214,0.17859888076782227,0.000990150751732144,1070
744,7,1,1,2,215,0.1637134552001953,0.000985545399396659,1075
745,7,1,1,2,216,0.15552306175231934,0.000980982689209986,1080
746,7,1,1,2,217,0.1644291877746582,0.0009764620316554673,1085
747,7,1,1,2,218,0.19865202903747559,0.000971982848027686,1090
748,7,1,1,2,219,0.15966105461120605,0.0009675445701805563,1095
749,7,1,1,2,220,0.1786339282989502,0.0009631466403159372,1100
750,7,1,1,2,221,0.18201041221618652,0.00095878851072706,1105
751,7,1,1,2,222,0.19759368896484375,0.0009544696435582756,1110
752,7,1,1,2,223,0.17864322662353516,0.0009501895106281966,1115
753,7,1,1,2,224,0.1759800910949707,0.000945947593172014,1120
754,7,1,1,2,225,0.22008037567138672,0.0009417433816473197,1125
755,7,1,1,2,226,0.24281001091003418,0.0009375763755317124,1130
756,7,1,1,2,227,0.16656899452209473,0.0009334460831262881,1135
757,7,1,1,2,228,0.17145156860351562,0.0009293520213572437,1140
758,7,1,1,2,229,0.21012234687805176,0.0009252937155909136,1145
759,7,1,1,2,230,0.20415544509887695,0.0009212706994340403,1150
760,7,1,1,2,231,0.1541426181793213,0.0009172825145897789,1155
761,7,1,1,2,232,0.15157055854797363,0.0009133287106465326,1160
762,7,1,1,2,233,0.15767121315002441,0.0009094088449355109,1165
763,7,1,1,2,234,0.21443843841552734,0.000905522482348875,1170
764,7,1,1,2,235,0.17969965934753418,0.0009016691951889699,1175
765,7,1,1,2,236,0.15906834602355957,0.0008978485630097843,1180
766,7,1,1,2,237,0.16959428787231445,0.0008940601724483077,1185
767,7,1,1,2,238,0.15397238731384277,0.0008903036171018508,1190
768,7,1,1,2,239,0.19634151458740234,0.000886578497361401,1195
769,7,1,1,2,240,0.17057061195373535,0.0008828844202922737,1200
770,7,1,1,2,241,0.27605247497558594,0.0008792209994639144,1205
771,7,1,1,2,242,0.17786693572998047,0.0008755878548333262,1210
772,7,1,1,2,243,0.19541096687316895,0.0008719846126334918,1215
773,7,1,1,2,244,0.17539429664611816,0.0008684109051994016,1220
774,7,1,1,2,245,0.15900278091430664,0.0008648663708951121,1225
775,7,1,1,2,246,0.17111420631408691,0.0008613506539361104,1230
776,7,1,1,2,247,0.1831824779510498,0.0008578634043263644,1235
777,7,1,1,2,248,0.18304920196533203,0.0008544042776980065,1240
778,7,1,1,2,249,0.15111780166625977,0.0008509729352175199,1245
779,7,1,1,2,250,0.20109081268310547,0.0008475690434807115,1250
780,7,1,1,2,251,0.2120504379272461,0.0008441922743785968,1255
781,7,1,1,2,252,0.1705939769744873,0.0008408423050358937,1260
782,7,1,1,2,253,0.19791269302368164,0.000837518817668581,1265
783,7,1,1,2,254,0.1821596622467041,0.0008342214994847552,1270
784,7,1,1,2,255,0.19732904434204102,0.0008309500426264549,1275
785,7,1,1,2,256,0.17717194557189941,0.0008277041440216681,1280
786,7,1,1,2,257,0.15250277519226074,0.0008244835053281552,1285
787,7,1,1,2,258,0.15244174003601074,0.0008212878328240913,1290
788,7,1,1,2,259,0.154158353805542,0.0008181168373336822,1295
789,7,1,1,2,260,0.17610621452331543,0.0008149702341141429,1300
790,7,1,1,2,261,0.15362024307250977,0.00081184774279075,1305
791,7,1,1,2,262,0.16941404342651367,0.0008087490872876746,1310
792,7,1,1,2,263,0.17310571670532227,0.0008056739957003067,1315
793,7,1,1,2,264,0.1520519256591797,0.000802622200263281,1320
794,7,1,1,2,265,0.2459263801574707,0.000799593437248336,1325
795,7,1,1,2,266,0.15623068809509277,0.0007965874468749412,1330
796,7,1,1,2,267,0.19730472564697266,0.0007936039732935329,1335
797,7,1,1,2,268,0.15163469314575195,0.000790642764435523,1340
798,7,1,1,2,269,0.15431618690490723,0.0007877035720046388,1345
799,7,1,1,2,270,0.2426915168762207,0.0007847861513679,1350
800,7,1,1,2,271,0.25513386726379395,0.0007818902615130963,1355
801,7,1,1,2,272,0.23933720588684082,0.0007790156649638558,1360
802,7,1,1,2,273,0.17058610916137695,0.0007761621277226904,1365
803,7,1,1,2,274,0.20534324645996094,0.0007733294192324713,1370
804,7,1,1,2,275,0.19376873970031738,0.0007705173122456443,1375
805,7,1,1,2,276,0.1664905548095703,0.0007677255828585361,1380
806,7,1,1,2,277,0.1728506088256836,0.0007649540103548125,1385
807,7,1,1,2,278,0.1589810848236084,0.0007622023772284603,1390
808,7,1,1,2,279,0.1654973030090332,0.0007594704690646603,1395
809,7,1,1,2,280,0.19866251945495605,0.000756758074533681,1400
810,7,1,1,2,281,0.1583569049835205,0.0007540649852985082,1405
811,7,1,1,2,282,0.1566452980041504,0.0007513909959824261,1410
812,7,1,1,2,283,0.21157336235046387,0.0007487359041278285,1415
813,7,1,1,2,284,0.17067933082580566,0.0007460995101009615,1420
814,7,1,1,2,285,0.17185497283935547,0.0007434816170863723,1425
815,7,1,1,2,286,0.2150101661682129,0.00074088203100664,1430
816,7,1,1,2,287,0.15087103843688965,0.0007383005605142712,1435
817,7,1,1,2,288,0.1541614532470703,0.0007357370169102095,1440
818,7,1,1,2,289,0.15441656112670898,0.000733191214080664,1445
819,7,1,1,2,290,0.18059992790222168,0.000730662968507878,1450
820,7,1,1,2,291,0.2316126823425293,0.0007281520992049595,1455
821,7,1,1,2,292,0.166611909866333,0.000725658427633058,1460
822,7,1,1,2,293,0.17393231391906738,0.0007231817777058058,1465
823,7,1,1,2,294,0.1895129680633545,0.0007207219757413563,1470
824,7,1,1,2,295,0.15244388580322266,0.0007182788504032089,1475
825,7,1,1,2,296,0.18751192092895508,0.0007158522326633499,1480
826,7,1,1,2,297,0.1599595546722412,0.000713441955792371,1485
827,7,1,1,2,298,0.15398573875427246,0.0007110478552655453,1490
828,7,1,1,2,299,0.15262746810913086,0.0007086697687941346,1495
829,7,1,1,2,300,0.15442848205566406,0.0007063075362275795,1500
830,7,1,1,2,301,0.15233516693115234,0.0007039609995654894,1505
831,7,1,1,2,302,0.15831756591796875,0.0007016300028782618,1510
832,7,1,1,2,303,0.17113518714904785,0.0006993143923104128,1515
833,7,1,1,2,304,0.15201759338378906,0.0006970140160195148,1520
834,7,1,1,2,305,0.17062139511108398,0.0006947287241602096,1525
835,7,1,1,2,306,0.18958377838134766,0.0006924583688531216,1530
836,7,1,1,2,307,0.16240191459655762,0.0006902028041341213,1535
837,7,1,1,2,308,0.1765604019165039,0.0006879618859372272,1540
838,7,1,1,2,309,0.2136976718902588,0.000685735472063187,1545
839,7,1,1,2,310,0.20551323890686035,0.0006835234221586051,1550
840,7,1,1,2,311,0.15889716148376465,0.0006813255976455546,1555
841,7,1,1,2,312,0.21460247039794922,0.0006791418617612122,1560
842,7,1,1,2,313,0.15897321701049805,0.0006769720794510548,1565
843,7,1,1,2,314,0.2205183506011963,0.0006748161174177092,1570
844,7,1,1,2,315,0.18523454666137695,0.0006726738440268054,1575
845,7,1,1,2,316,0.18172955513000488,0.0006705451293279596,1580
846,7,1,1,2,317,0.21597981452941895,0.0006684298450109205,1585
847,7,1,1,2,318,0.16448020935058594,0.00066632786436438,1590
848,7,1,1,2,319,0.2318127155303955,0.0006642390622859651,1595
849,7,1,1,2,320,0.17724967002868652,0.0006621633152159578,1600
850,7,1,1,2,321,0.24965333938598633,0.0006601005011395156,1605
851,7,1,1,2,322,0.17642998695373535,0.0006580504995897796,1610
852,7,1,1,2,323,0.2366502285003662,0.0006560131915487322,1615
853,7,1,1,2,324,0.18076086044311523,0.0006539884594656264,1620
854,7,1,1,2,325,0.15138697624206543,0.0006519761872849639,1625
855,7,1,1,2,326,0.22886276245117188,0.0006499762603381365,1630
856,7,1,1,2,327,0.15573525428771973,0.0006479885653492001,1635
857,7,1,1,2,328,0.17693400382995605,0.0006460129904533041,1640
858,7,1,1,2,329,0.21440529823303223,0.0006440494251304107,1645
859,7,1,1,2,330,0.19117951393127441,0.000642097760201521,1650
860,7,1,1,2,331,0.17199492454528809,0.0006401578878149072,1655
861,7,1,1,2,332,0.17230558395385742,0.0006382297014122518,1660
862,7,1,1,2,333,0.19312047958374023,0.0006363130957034446,1665
863,7,1,1,2,334,0.19098448753356934,0.0006344079666705804,1670
864,7,1,1,2,335,0.19418931007385254,0.0006325142115508608,1675
865,7,1,1,2,336,0.19454741477966309,0.0006306317287732011,1680
866,7,1,1,2,337,0.24155139923095703,0.000628760418005303,1685
867,7,1,1,2,338,0.27777695655822754,0.000626900180081047,1690
868,7,1,1,2,339,0.184004545211792,0.0006250509170175889,1695
869,7,1,1,2,340,0.22049427032470703,0.0006232125319655113,1700
870,7,1,1,2,341,0.15048527717590332,0.0006213849292352469,1705
871,7,1,1,2,342,0.20779895782470703,0.000619568014230798,1710
872,7,1,1,2,343,0.2526419162750244,0.0006177616934931462,1715
873,7,1,1,2,344,0.18803668022155762,0.0006159658746146546,1720
874,7,1,1,2,345,0.19507217407226562,0.0006141804662842532,1725
875,7,1,1,2,346,0.15689635276794434,0.0006124053782298189,1730
876,7,1,1,2,347,0.17065882682800293,0.0006106405212348287,1735
877,7,1,1,2,348,0.20129132270812988,0.0006088858070949499,1740
878,7,1,1,2,349,0.21858525276184082,0.0006071411486157086,1745
879,7,1,1,2,350,0.17264413833618164,0.0006054064596223707,1750
880,7,1,1,2,351,0.18191123008728027,0.0006036816548932178,1755
881,7,1,1,2,352,0.16492509841918945,0.00060196665019141,1760
882,7,1,1,2,353,0.24383282661437988,0.0006002613622285713,1765
883,7,1,1,2,354,0.1858959197998047,0.0005985657086650109,1770
884,7,1,1,2,355,0.1731278896331787,0.0005968796080787486,1775
885,7,1,1,2,356,0.18567609786987305,0.0005952029799644043,1780
886,7,1,1,2,357,0.1545255184173584,0.0005935357447272027,1785
887,7,1,1,2,358,0.15649080276489258,0.0005918778236496669,1790
888,7,1,1,2,359,0.19959759712219238,0.0005902291389131564,1795
889,7,1,1,2,360,0.15264248847961426,0.0005885896135213731,1800
890,7,1,1,2,361,0.19646692276000977,0.0005869591713767441,1805
891,7,1,1,2,362,0.17733335494995117,0.0005853377372048163,1810
892,7,1,1,2,363,0.15176630020141602,0.0005837252365556989,1815
893,7,1,1,2,364,0.17379045486450195,0.0005821215957884096,1820
894,7,1,1,2,365,0.20223283767700195,0.0005805267421009619,1825
895,7,1,1,2,366,0.17439746856689453,0.0005789406034639732,1830
896,7,1,1,2,367,0.16431379318237305,0.0005773631086332109,1835
897,7,1,1,2,368,0.19525647163391113,0.000575794187144707,1840
898,7,1,1,2,369,0.18336200714111328,0.0005742337692911104,1845
899,7,1,1,2,370,0.2062063217163086,0.0005726817861296807,1850
900,7,1,1,2,371,0.2367842197418213,0.000571138169451646,1855
901,7,1,1,2,372,0.2324199676513672,0.0005696028517981899,1860
902,7,1,1,2,373,0.23285794258117676,0.0005680757663999447,1865
903,7,1,1,2,374,0.15508151054382324,0.0005665568472391636,1870
904,7,1,1,2,375,0.21099162101745605,0.0005650460289813308,1875
905,7,1,1,2,376,0.19176244735717773,0.0005635432469897061,1880
906,7,1,1,2,377,0.2529008388519287,0.0005620484373143331,1885
907,7,1,1,2,378,0.15946364402770996,0.0005605615366872652,1890
908,7,1,1,2,379,0.1979842185974121,0.0005590824825013607,1895
909,7,1,1,2,380,0.18444132804870605,0.00055761121281106,1900
910,7,1,1,2,381,0.17856860160827637,0.0005561476663215048,1905
911,7,1,1,2,382,0.20083999633789062,0.0005546917823803232,1910
912,7,1,1,2,383,0.18773484230041504,0.0005532435009584225,1915
913,7,1,1,2,384,0.22896981239318848,0.0005518027626753019,1920
914,7,1,1,2,385,0.15677237510681152,0.0005503695087482052,1925
915,7,1,1,2,386,0.21199631690979004,0.0005489436810087733,1930
916,7,1,1,2,387,0.15819120407104492,0.0005475252218765103,1935
917,7,1,1,2,388,0.15733075141906738,0.0005461140743996395,1940
918,7,1,1,2,389,0.2309577465057373,0.0005447101821756117,1945
919,7,1,1,2,390,0.15299701690673828,0.0005433134894021752,1950
920,7,1,1,2,391,0.1649932861328125,0.0005419239408350762,1955
921,7,1,1,2,392,0.15996623039245605,0.0005405414818036025,1960
922,7,1,1,2,393,0.18332839012145996,0.0005391660581897106,1965
923,7,1,1,2,394,0.1942758560180664,0.0005377976164143705,1970
924,7,1,1,2,395,0.1737682819366455,0.0005364361034553289,1975
925,7,1,1,2,396,0.16534757614135742,0.0005350814668343418,1980
926,7,1,1,2,397,0.21819233894348145,0.0005337336545770954,1985
927,7,1,1,2,398,0.21039223670959473,0.0005323926152478453,1990
928,7,1,1,2,399,0.1609647274017334,0.0005310582979110023,1995
929,7,1,1,2,400,0.18955707550048828,0.0005297306521691025,2000
930,7,1,1,2,401,0.19994115829467773,0.0005284096281005235,2005
931,7,1,1,2,402,0.16116046905517578,0.0005270951762864629,2010
932,7,1,1,2,403,0.23609113693237305,0.0005257872478069414,2015
933,7,1,1,2,404,0.16026043891906738,0.0005244857942234837,2020
934,7,1,1,2,405,0.186964750289917,0.0005231907675757874,2025
935,7,1,1,2,406,0.22190546989440918,0.0005219021203667351,2030
936,7,1,1,2,407,0.19053244590759277,0.0005206198055657252,2035
937,7,1,1,2,408,0.18300461769104004,0.0005193437766345399,2040
938,7,1,1,2,409,0.2597005367279053,0.0005180739874498519,2045
939,7,1,1,2,410,0.21300482749938965,0.0005168103923585132,2050
940,7,1,1,2,411,0.26757073402404785,0.0005155529461450259,2055
941,7,1,1,2,412,0.2532651424407959,0.0005143016040439763,2060
942,7,1,1,2,413,0.15828490257263184,0.0005130563217085049,2065
943,7,1,1,2,414,0.25530123710632324,0.0005118170552333989,2070
944,7,1,1,2,415,0.26537179946899414,0.0005105837611267816,2075
945,7,1,1,2,416,0.18384838104248047,0.0005093563963155523,2080
946,7,1,1,2,417,0.18469572067260742,0.0005081349181442762,2085
947,7,1,1,2,418,0.19216680526733398,0.0005069192843772941,2090
948,7,1,1,2,419,0.1676797866821289,0.0005057094531399908,2095
949,7,1,1,2,420,0.15265536308288574,0.000504505383017384,2100
950,7,1,1,2,421,0.16559576988220215,0.0005033070329396594,2105
951,7,1,1,2,422,0.21064543724060059,0.0005021143622421231,2110
952,7,1,1,2,423,0.24300098419189453,0.0005009273306484374,2115
953,7,1,1,2,424,0.1591789722442627,0.0004997458982700653,2120
954,7,1,1,2,425,0.1865079402923584,0.0004985700255681902,2125
955,7,1,1,2,426,0.19430923461914062,0.000497399673390797,2130
956,7,1,1,2,427,0.2008521556854248,0.0004962348029717845,2135
957,7,1,1,2,428,0.2343597412109375,0.0004950753758570237,2140
958,7,1,1,2,429,0.17795586585998535,0.0004939213539992826,2145
959,7,1,1,2,430,0.20266079902648926,0.0004927726996901693,2150
960,7,1,1,2,431,0.21119928359985352,0.0004916293755597989,2155
961,7,1,1,2,432,0.16517353057861328,0.0004904913445965553,2160
962,7,1,1,2,433,0.1904144287109375,0.0004893585701314374,2165
963,7,1,1,2,434,0.23167657852172852,0.0004882310158179637,2170
964,7,1,1,2,435,0.24114298820495605,0.00048710864566670065,2175
965,7,1,1,2,436,0.2614927291870117,0.00048599142400163053,2180
966,7,1,1,2,437,0.17386722564697266,0.000484879315481912,2185
967,7,1,1,2,438,0.15279221534729004,0.0004837722850851156,2190
968,7,1,1,2,439,0.17238259315490723,0.0004826702981045594,2195
969,7,1,1,2,440,0.21237397193908691,0.00048157332014475696,2200
970,7,1,1,2,441,0.15145540237426758,0.00048048131715816567,2205
971,7,1,1,2,442,0.2205493450164795,0.00047939425535492575,2210
972,7,1,1,2,443,0.2060072422027588,0.0004783121012805758,2215
973,7,1,1,2,444,0.26048994064331055,0.0004772348217683131,2220
974,7,1,1,2,445,0.23491668701171875,0.0004761623839683038,2225
975,7,1,1,2,446,0.20363998413085938,0.0004750947553042728,2230
976,7,1,1,2,447,0.23523283004760742,0.0004740319035092533,2235
977,7,1,1,2,448,0.15114617347717285,0.00047297379657829097,2240
978,7,1,1,2,449,0.1994004249572754,0.0004719204028149626,2245
979,7,1,1,2,450,0.18243837356567383,0.0004708716908157218,2250
980,7,1,1,2,451,0.17194199562072754,0.00046982762941760736,2255
981,7,1,1,2,452,0.22336435317993164,0.0004687881877565303,2260
982,7,1,1,2,453,0.16190075874328613,0.0004677533352418495,2265
983,7,1,1,2,454,0.18088889122009277,0.0004667230415560386,2270
984,7,1,1,2,455,0.17073678970336914,0.00046569727663303695,2275
985,7,1,1,2,456,0.19056081771850586,0.0004646760106679082,2280
986,7,1,1,2,457,0.23218345642089844,0.0004636592141535889,2285
987,7,1,1,2,458,0.21138453483581543,0.0004626468577935139,2290
988,7,1,1,2,459,0.23373198509216309,0.0004616389125614573,2295
989,7,1,1,2,460,0.22603154182434082,0.00046063534971063635,2300
990,7,1,1,2,461,0.15694046020507812,0.0004596361407088745,2305
991,7,1,1,2,462,0.1663663387298584,0.0004586412572844534,2310
992,7,1,1,2,463,0.15655064582824707,0.0004576506714183415,2315
993,7,1,1,2,464,0.17811822891235352,0.00045666435532287775,2320
994,7,1,1,2,465,0.16648030281066895,0.0004556822814284489,2325
995,7,1,1,2,466,0.1925981044769287,0.0004547044224576524,2330
996,7,1,1,2,467,0.2147691249847412,0.0004537307513208244,2335
997,7,1,1,2,468,0.19258880615234375,0.0004527612411689974,2340
998,7,1,1,2,469,0.17317414283752441,0.0004517958653915688,2345
999,7,1,1,2,470,0.2526392936706543,0.00045083459758654687,2350
1000,7,1,1,2,471,0.23970913887023926,0.0004498774116007409,2355
1001,7,1,1,2,472,0.15656280517578125,0.00044892428149734265,2360
1002,7,1,1,2,473,0.24159550666809082,0.0004479751815370525,2365
1003,7,1,1,2,474,0.15910863876342773,0.00044703008622060114,2370
1004,7,1,1,2,475,0.1724405288696289,0.00044608897024922545,2375
1005,7,1,1,2,476,0.16568684577941895,0.00044515180854276526,2380
1006,7,1,1,2,477,0.1936635971069336,0.00044421857624288297,2385
1007,7,1,1,2,478,0.16684556007385254,0.0004432892486746498,2390
1008,7,1,1,2,479,0.24091386795043945,0.0004423638013907327,2395
1009,7,1,1,2,480,0.21028828620910645,0.0004414422101365334,2400
1010,7,1,1,2,481,0.18825006484985352,0.0004405244508686179,2405
1011,7,1,1,2,482,0.15121984481811523,0.0004396104997248518,2410
1012,7,1,1,2,483,0.18171286582946777,0.00043870033305881684,2415
1013,7,1,1,2,484,0.2556469440460205,0.0004377939274081699,2420
1014,7,1,1,2,485,0.19127941131591797,0.0004368912595184016,2425
1015,7,1,1,2,486,0.17133808135986328,0.0004359923063113058,2430
1016,7,1,1,2,487,0.17208075523376465,0.0004350970449042979,2435
1017,7,1,1,2,488,0.18535375595092773,0.00043420545259198473,2440
1018,7,1,1,2,489,0.21942567825317383,0.00043331750688235804,2445
1019,7,1,1,2,490,0.25880956649780273,0.00043243318544716747,2450
1020,7,1,1,2,491,0.24596762657165527,0.0004315524661295811,2455
1021,7,1,1,2,492,0.2088642120361328,0.00043067532696317024,2460
1022,7,1,1,2,493,0.2267920970916748,0.0004298017461825676,2465
1023,7,1,1,2,494,0.22311854362487793,0.00042893170215640986,2470
1024,7,1,1,2,495,0.17197561264038086,0.00042806517346816175,2475
1025,7,1,1,2,496,0.17175555229187012,0.0004272021388447289,2480
1026,7,1,1,2,497,0.1563129425048828,0.0004263425772011997,2485
1027,7,1,1,2,498,0.16114068031311035,0.00042548646760476316,2490
1028,7,1,1,2,499,0.18793725967407227,0.0004246337893124563,2495
1029,7,1,1,2,500,0.15972137451171875,0.0004237845217375247,2500
1030,7,1,1,2,501,0.19560670852661133,0.0004229386444434269,2505
1031,7,1,1,2,502,0.15163445472717285,0.0004220961371872445,2510
1032,7,1,1,2,503,0.1552889347076416,0.00042125697985218036,2515
1033,7,1,1,2,504,0.151885986328125,0.0004204211525100643,2520
1034,7,1,1,2,505,0.24747443199157715,0.0004195886353802747,2525
1035,7,1,1,2,506,0.15356159210205078,0.00041875940882651896,2530
1036,7,1,1,2,507,0.22878265380859375,0.00041793345338991816,2535
1037,7,1,1,2,508,0.19873738288879395,0.00041711074974115636,2540
1038,7,1,1,2,509,0.16224956512451172,0.0004162912787158968,2545
1039,7,1,1,2,510,0.16306090354919434,0.00041547502130634406,2550
1040,7,1,1,2,511,0.15780377388000488,0.000414661958639595,2555
1041,7,1,1,2,512,0.15846824645996094,0.0004138520720043948,2560
1042,7,1,1,2,513,0.17504143714904785,0.00041304534282171623,2565
1043,7,1,1,2,514,0.23538661003112793,0.0004122417526631894,2570
1044,7,1,1,2,515,0.24578380584716797,0.0004114412832365577,2575
1045,7,1,1,2,516,0.2260594367980957,0.0004106439164131004,2580
1046,7,1,1,2,517,0.1708981990814209,0.00040984963416834663,2585
1047,7,1,1,2,518,0.2106626033782959,0.00040905841866201165,2590
1048,7,1,1,2,519,0.20308780670166016,0.0004082702521461812,2595
1049,7,1,1,2,520,0.1630713939666748,0.0004074851170537963,2600
1050,7,1,1,2,521,0.15212321281433105,0.000406702995906838,2605
1051,7,1,1,2,522,0.2024064064025879,0.00040592387139104513,2610
1052,7,1,1,2,523,0.17580795288085938,0.00040514772632249674,2615
1053,7,1,1,2,524,0.16695308685302734,0.0004043745436389523,2620
1054,7,1,1,2,525,0.22125673294067383,0.0004036043064113981,2625
1055,7,1,1,2,526,0.20702099800109863,0.00040283699784160465,2630
1056,7,1,1,2,527,0.16126298904418945,0.00040207260126623456,2635
1057,7,1,1,2,528,0.20766234397888184,0.0004013111001265335,2640
1058,7,1,1,2,529,0.17143607139587402,0.0004005524780088532,2645
1059,7,2,1,1,1,1.939211130142212,0.778100909648029,5
1060,7,2,1,1,2,1.9126999378204346,0.7415076454997951,10
1061,7,2,1,1,3,2.040801525115967,0.5561218572821208,15
1062,7,2,1,1,4,1.9544620513916016,0.5235138456810576,20
1063,7,2,1,1,5,2.1832001209259033,0.4470649113416948,25
1064,7,2,1,1,6,2.063727855682373,0.47493639299390833,30
1065,7,2,1,1,7,1.932922124862671,0.4050413626053294,35
1066,7,2,1,1,8,2.3251726627349854,0.41903969955833376,40
1067,7,2,1,1,9,2.0896148681640625,0.375453312213171,45
1068,7,2,1,1,10,1.8365857601165771,0.37355448245203615,50
1069,7,2,1,1,11,2.1809351444244385,0.34588155315091973,55
1070,7,2,1,1,12,2.1203157901763916,0.3423049818679911,60
1071,7,2,1,1,13,1.7182466983795166,0.31104682679057716,65
1072,7,2,1,1,14,2.170964241027832,0.31165025052764195,70
1073,7,2,1,1,15,1.9966521263122559,0.28675647106983415,75
1074,7,2,1,1,16,2.0770020484924316,0.29727724044872317,80
1075,7,2,1,1,17,1.85548734664917,0.2761136483824109,85
1076,7,2,1,1,18,1.9714555740356445,0.2795745011058436,90
1077,7,2,1,1,19,2.029404401779175,0.2600967989132563,95
1078,7,2,1,1,20,2.1719744205474854,0.26706485678718817,100
1079,7,2,1,1,21,1.92051100730896,0.2507864284876884,105
1080,7,2,1,1,22,1.7921595573425293,0.2531243834800364,110
1081,7,2,1,1,23,2.404672622680664,0.23775099211077388,115
1082,7,2,1,1,24,2.335367441177368,0.24236251747463422,120
1083,7,2,1,1,25,1.9863662719726562,0.22805109694975634,125
1084,7,2,1,1,26,2.0186407566070557,0.2305186714285279,130
1085,7,2,1,1,27,2.3679592609405518,0.21822574548057627,135
1086,7,2,1,1,28,1.9827532768249512,0.2201263616904272,140
1087,7,2,1,1,29,2.1905651092529297,0.2096446053591604,145
1088,7,2,1,1,30,2.0789318084716797,0.20987167277602603,150
1089,7,2,1,1,31,2.0251660346984863,0.20143236352764593,155
1090,7,2,1,1,32,1.9806714057922363,0.20132239030445764,160
1091,7,2,1,1,33,2.0481889247894287,0.19408913326034682,165
1092,7,2,1,1,34,1.914957046508789,0.1940211850147695,170
1093,7,2,1,1,35,1.8544197082519531,0.18727134413834723,175
1094,7,2,1,1,36,1.9630215167999268,0.18837304776102748,180
1095,7,2,1,1,37,1.9592385292053223,0.1811575232073177,185
1096,7,2,1,1,38,2.00380277633667,0.18221226009479607,190
1097,7,2,1,1,39,1.9114625453948975,0.17545523110764893,195
1098,7,2,1,1,40,1.8040516376495361,0.17543454586172447,200
1099,7,2,1,1,41,2.069559097290039,0.1700351180656572,205
1100,7,2,1,1,42,1.8997440338134766,0.16976931283695673,210
1101,7,2,1,1,43,2.0741543769836426,0.16497503805266533,215
1102,7,2,1,1,44,2.2537176609039307,0.16630924443062423,220
1103,7,2,1,1,45,2.151226043701172,0.16051945011332092,225
1104,7,2,1,1,46,2.2953402996063232,0.16172575203436368,230
1105,7,2,1,1,47,2.258784532546997,0.15601764279341568,235
1106,7,2,1,1,48,2.4397010803222656,0.15702950739186772,240
1107,7,2,1,2,1,1.8962419033050537,0.4949803286992893,5
1108,7,2,1,2,2,1.9342424869537354,0.36071013101426486,10
1109,7,2,1,2,3,1.8874781131744385,0.3151120117395354,15
1110,7,2,1,2,4,1.983682632446289,0.19622421412902535,20
1111,7,2,1,2,5,1.9283580780029297,0.15697660367833421,25
1112,7,2,1,2,6,1.930206298828125,0.12743910687899063,30
1113,7,2,1,2,7,1.8291001319885254,0.10037528237240889,35
1114,7,2,1,2,8,2.084801435470581,0.09032432431247628,40
1115,7,2,1,2,9,1.8300721645355225,0.08819134473325718,45
1116,7,2,1,2,10,1.9367406368255615,0.0852870636897709,50
1117,7,2,1,2,11,2.0537221431732178,0.08094200051579215,55
1118,7,2,1,2,12,1.913550615310669,0.07599289661318798,60
1119,7,2,1,2,13,1.901007890701294,0.0728442964351248,65
1120,7,2,1,2,14,2.0753002166748047,0.07016681629486654,70
1121,7,2,1,2,15,1.9890196323394775,0.0656760313676501,75
1122,7,2,1,2,16,2.3076817989349365,0.05835705395073232,80
1123,7,2,1,2,17,2.214439868927002,0.05081725901167844,85
1124,7,2,1,2,18,2.209883451461792,0.049669194377574666,90
1125,7,2,1,2,19,2.0628626346588135,0.04944329967489525,95
1126,7,2,1,2,20,2.2649240493774414,0.04708200505281357,100
1127,7,2,1,2,21,2.060114622116089,0.044280978645324875,105
1128,7,2,1,2,22,2.2676475048065186,0.04191175776488465,110
1129,7,2,1,2,23,2.303772449493408,0.04127082011051986,115
1130,7,2,1,2,24,1.982489824295044,0.041224590265775074,120
1131,7,2,1,2,25,2.234854221343994,0.03992252980111166,125
1132,7,2,1,2,26,1.9839606285095215,0.03944052271866827,130
1133,7,2,1,2,27,1.8457300662994385,0.03522769311754925,135
1134,7,2,1,2,28,2.121992588043213,0.035412037327466006,140
1135,7,2,1,2,29,2.4179437160491943,0.034968547442154385,145
1136,7,2,1,2,30,2.187176465988159,0.032665039891468295,150
1137,7,2,1,2,31,1.9612362384796143,0.032413120016714814,155
1138,7,2,1,2,32,2.198509454727173,0.029012786582099714,160
1139,7,2,1,2,33,2.0570168495178223,0.027086782861725833,165
1140,7,2,1,2,34,2.185850143432617,0.026890333019243595,170
1141,7,2,1,2,35,1.8054029941558838,0.028083943667051026,175
1142,7,2,1,2,36,2.137681007385254,0.029334230481345536,180
1143,7,2,1,2,37,2.09649920463562,0.028083000246835743,185
1144,7,2,1,2,38,2.0061566829681396,0.026731648395234453,190
1145,7,2,1,2,39,2.168426036834717,0.026471581273763922,195
1146,7,2,1,2,40,2.2693769931793213,0.027334417329575533,200
1147,7,2,1,2,41,1.848076581954956,0.02824387407821205,205
1148,7,2,1,2,42,2.149479866027832,0.02631503780590405,210
1149,7,2,1,2,43,2.1898913383483887,0.024259283584042057,215
1150,7,2,1,2,44,2.1581132411956787,0.023238640391716414,220
1151,7,2,1,2,45,2.2576661109924316,0.02339346023071731,225
1152,7,2,1,2,46,2.220883846282959,0.024258532892236895,230
1153,7,2,1,2,47,2.3170433044433594,0.024203386348404132,235
1154,7,2,1,2,48,2.1125829219818115,0.02228446494167935,240
1155,7,3,1,1,1,14.859727144241333,0.8321034200869009,5
1156,7,3,1,1,2,14.785504579544067,0.7810752572360851,10
1157,7,3,1,1,3,14.034217596054077,0.6766836151219637,15
1158,7,3,1,1,4,15.216036558151245,0.5997061205837626,20
1159,7,3,1,1,5,16.68226385116577,0.5674623203625386,25
1160,7,3,1,1,6,14.729066610336304,0.5126555601154428,30
1161,7,3,1,2,1,16.297911882400513,0.5898312095957043,5
1162,7,3,1,2,2,15.854238986968994,0.4555968150294698,10
1163,7,3,1,2,3,15.790428638458252,0.32500538069687934,15
1164,7,3,1,2,4,15.475937366485596,0.2388062488258278,20
1165,7,3,1,2,5,15.033724069595337,0.22041648308983808,25
1166,7,3,1,2,6,14.693105220794678,0.1994293339991169,30
1167,8,1,1,1,1,0.7958171367645264,0.540638934094641,5
1168,8,1,1,1,2,0.9251298904418945,0.4098255544733291,10
1169,8,1,1,1,3,0.7757534980773926,0.3187244850727328,15
1170,8,1,1,1,4,0.7493269443511963,0.31882144234005255,20
1171,8,1,1,1,5,0.6928248405456543,0.3189109014570499,25
1172,8,1,1,1,6,0.6568701267242432,0.21317896561694155,30
1173,8,1,1,1,7,0.6475830078125,0.20407846878782798,35
1174,8,1,1,1,8,0.746394157409668,0.21503346652348054,40
1175,8,1,1,1,9,0.7529149055480957,0.2093822568750363,45
1176,8,1,1,1,10,0.7015466690063477,0.18874391293586712,50
1177,8,1,1,1,11,0.7537362575531006,0.15157523590952438,55
1178,8,1,1,1,12,0.8955740928649902,0.15578041402836074,60
1179,8,1,1,1,13,0.8910095691680908,0.1600837945643283,65
1180,8,1,1,1,14,0.7180368900299072,0.15467073396510722,70
1181,8,1,1,1,15,0.7654876708984375,0.1510748581903532,75
1182,8,1,1,1,16,0.7536756992340088,0.12710421667841743,80
1183,8,1,1,1,17,0.8094868659973145,0.1249240203533239,85
1184,8,1,1,1,18,0.8266592025756836,0.12269541023774577,90
1185,8,1,1,1,19,0.6413562297821045,0.1203906628114414,95
1186,8,1,1,1,20,0.7856056690216064,0.12464853657272057,100
1187,8,1,1,1,21,0.8786475658416748,0.1151924284821948,105
1188,8,1,1,1,22,0.9701738357543945,0.10861892054530675,110
1189,8,1,1,1,23,0.6428887844085693,0.10583689419984543,115
1190,8,1,1,1,24,0.7914769649505615,0.0987843484043352,120
1191,8,1,1,1,25,0.8004989624023438,0.09850786915817467,125
1192,8,1,1,1,26,0.8543179035186768,0.10339480411810764,130
1193,8,1,1,1,27,0.9689664840698242,0.10574483569294957,135
1194,8,1,1,1,28,0.9928042888641357,0.09601918449029706,140
1195,8,1,1,1,29,0.8702616691589355,0.09286300464702402,145
1196,8,1,1,1,30,0.7491269111633301,0.08964907714119502,150
1197,8,1,1,1,31,0.7847833633422852,0.0842584606988529,155
1198,8,1,1,1,32,0.8628239631652832,0.08568367925294174,160
1199,8,1,1,1,33,0.8550505638122559,0.09025241132516942,165
1200,8,1,1,1,34,0.7973148822784424,0.08979586024841335,170
1201,8,1,1,1,35,0.8441975116729736,0.08451982260178348,175
1202,8,1,1,1,36,0.9537830352783203,0.08182538581644438,180
1203,8,1,1,1,37,0.8908398151397705,0.07911259038091589,185
1204,8,1,1,1,38,0.853384256362915,0.07411969389961337,190
1205,8,1,1,1,39,0.9428515434265137,0.07494678563916124,195
1206,8,1,1,1,40,0.6880812644958496,0.07843085818682338,200
1207,8,1,1,1,41,0.7859103679656982,0.08215753389423475,205
1208,8,1,1,1,42,0.8283627033233643,0.07545811532571822,210
1209,8,1,1,1,43,0.9053454399108887,0.07364611296383483,215
1210,8,1,1,1,44,0.8845374584197998,0.07214536950865069,220
1211,8,1,1,1,45,0.9190077781677246,0.06872227997567393,225
1212,8,1,1,1,46,0.8281936645507812,0.06643086661306619,230
1213,8,1,1,1,47,0.8138153553009033,0.06820843938784582,235
1214,8,1,1,1,48,0.8497588634490967,0.07152225995684758,240
1215,8,1,1,1,49,0.7625975608825684,0.07207975394417421,245
1216,8,1,1,1,50,0.7840526103973389,0.06820015912457905,250
1217,8,1,1,1,51,0.9865827560424805,0.0665882761681107,255
1218,8,1,1,1,52,0.8275761604309082,0.06537910361557586,260
1219,8,1,1,1,53,0.8438096046447754,0.06234929976088077,265
1220,8,1,1,1,54,0.7595276832580566,0.060168197396329615,270
1221,8,1,1,1,55,0.924412727355957,0.06164728639344319,275
1222,8,1,1,1,56,0.8337717056274414,0.06439508120294501,280
1223,8,1,1,1,57,0.8436918258666992,0.06652167747365517,285
1224,8,1,1,1,58,0.8291902542114258,0.06237090955694258,290
1225,8,1,1,1,59,0.8012638092041016,0.06125618697972468,295
1226,8,1,1,1,60,0.7870926856994629,0.060208777284954274,300
1227,8,1,1,1,61,0.7006001472473145,0.05854271209880085,305
1228,8,1,1,1,62,0.7916131019592285,0.055083655014771526,310
1229,8,1,1,1,63,0.7657256126403809,0.05559821146893551,315
1230,8,1,1,1,64,0.9281330108642578,0.057608213990548496,320
1231,8,1,1,1,65,0.9306602478027344,0.06023304776106497,325
1232,8,1,1,1,66,0.7628295421600342,0.05770706456604413,330
1233,8,1,1,1,67,0.903670072555542,0.05726397011202278,335
1234,8,1,1,1,68,0.8052957057952881,0.05614640801919435,340
1235,8,1,1,1,69,0.7966358661651611,0.0551509769517019,345
1236,8,1,1,1,70,0.8484582901000977,0.05303106891409726,350
1237,8,1,1,1,71,0.8563194274902344,0.05058348509755761,355
1238,8,1,1,1,72,0.8801975250244141,0.051490440017345485,360
1239,8,1,1,1,73,0.7115147113800049,0.05341739384592126,365
1240,8,1,1,1,74,0.8651151657104492,0.05569992279274982,370
1241,8,1,1,1,75,0.7351634502410889,0.052573803023888255,375
1242,8,1,1,1,76,0.7978904247283936,0.05290601566282738,380
1243,8,1,1,1,77,0.9165849685668945,0.05201781143506434,385
1244,8,1,1,1,78,0.929610013961792,0.05118351851304592,390
1245,8,1,1,1,79,0.8065624237060547,0.049377424192241004,395
1246,8,1,1,1,80,0.7142825126647949,0.046877006035200064,400
1247,8,1,1,1,81,0.8841197490692139,0.047585936867146184,405
1248,8,1,1,1,82,0.930427074432373,0.049234179324325056,410
1249,8,1,1,1,83,0.8152866363525391,0.051284934498007084,415
1250,8,1,1,1,84,0.7049815654754639,0.04996356436244609,420
1251,8,1,1,1,85,0.8285858631134033,0.04950000066006488,425
1252,8,1,1,1,86,0.7930583953857422,0.04872317686359573,430
1253,8,1,1,1,87,0.7768247127532959,0.048034757826983965,435
1254,8,1,1,1,88,0.7292790412902832,0.046889195629966296,440
1255,8,1,1,1,89,0.7382876873016357,0.04385868228978662,445
1256,8,1,1,1,90,0.7700159549713135,0.043959770539916954,450
1257,8,1,1,1,91,0.7186543941497803,0.04516241767254914,455
1258,8,1,1,1,92,0.7133674621582031,0.04688529693805077,460
1259,8,1,1,1,93,0.721860408782959,0.04840699454302222,465
1260,8,1,1,1,94,0.7910938262939453,0.04618236221060401,470
1261,8,1,1,1,95,0.8488309383392334,0.046038606908020974,475
1262,8,1,1,1,96,0.820249080657959,0.045380023389755886,480
1263,8,1,1,1,97,0.8138606548309326,0.04472539938625064,485
1264,8,1,1,1,98,0.769258975982666,0.04338240969032048,490
1265,8,1,1,1,99,0.6558864116668701,0.04104336870862468,495
1266,8,1,1,1,100,0.7857859134674072,0.04146408505081667,500
1267,8,1,1,1,101,0.9418320655822754,0.04269551812083816,505
1268,8,1,1,1,102,0.7331907749176025,0.044303618153711644,510
1269,8,1,1,1,103,0.7035841941833496,0.045325852106124054,515
1270,8,1,1,1,104,0.6531202793121338,0.04350562894480936,520
1271,8,1,1,1,105,0.8235702514648438,0.04326226729879212,525
1272,8,1,1,1,106,0.8329486846923828,0.042723076097454404,530
1273,8,1,1,1,107,0.7581343650817871,0.04212643002830274,535
1274,8,1,1,1,108,0.9467258453369141,0.04087499974428188,540
1275,8,1,1,1,109,0.9262652397155762,0.03859446887667195,545
1276,8,1,1,1,110,0.9316103458404541,0.03895258518724154,550
1277,8,1,1,1,111,0.8261470794677734,0.040039823075598724,555
1278,8,1,1,1,112,0.8857488632202148,0.04147587270738018,560
1279,8,1,1,1,113,0.7697060108184814,0.04266791820940308,565
1280,8,1,1,1,114,0.8261203765869141,0.04095854321968395,570
1281,8,1,1,1,115,0.8370993137359619,0.0409681464348256,575
1282,8,1,1,1,116,0.8259677886962891,0.04044890145599389,580
1283,8,1,1,1,117,0.7956631183624268,0.03994998730732657,585
1284,8,1,1,1,118,0.9666509628295898,0.039074607382720505,590
1285,8,1,1,1,119,0.7791450023651123,0.03697357362664799,595
1286,8,1,1,1,120,0.9508876800537109,0.03659086731227945,600
1287,8,1,1,1,121,0.9232947826385498,0.03739864005363969,605
1288,8,1,1,1,122,0.8264853954315186,0.038616715908636134,610
1289,8,1,1,1,123,0.79241943359375,0.03996339206594324,615
1290,8,1,1,2,1,0.7634856700897217,0.507316467501759,5
1291,8,1,1,2,2,0.9247362613677979,0.6649663052422722,10
1292,8,1,1,2,3,0.7664730548858643,0.598778583532479,15
1293,8,1,1,2,4,0.750114917755127,0.46037809594053997,20
1294,8,1,1,2,5,0.957472562789917,0.45514777588283084,25
1295,8,1,1,2,6,1.006460428237915,0.45066679930753406,30
1296,8,1,1,2,7,0.92923903465271,0.34888947324831115,35
1297,8,1,1,2,8,0.8224518299102783,0.3315001425709426,40
1298,8,1,1,2,9,0.7917699813842773,0.3194136147635003,45
1299,8,1,1,2,10,0.8241848945617676,0.28804348806463614,50
1300,8,1,1,2,11,0.7444522380828857,0.246123917674681,55
1301,8,1,1,2,12,0.8235275745391846,0.2297458968812226,60
1302,8,1,1,2,13,0.6929478645324707,0.2297307859516461,65
1303,8,1,1,2,14,0.7954683303833008,0.22653512054723396,70
1304,8,1,1,2,15,0.7954082489013672,0.2252397164887453,75
1305,8,1,1,2,16,0.7606050968170166,0.1869723037691759,80
1306,8,1,1,2,17,0.7284784317016602,0.18564763018519015,85
1307,8,1,1,2,18,0.7056558132171631,0.18638472401623185,90
1308,8,1,1,2,19,0.756568431854248,0.18417914465408647,95
1309,8,1,1,2,20,0.6931333541870117,0.18202842891185878,100
1310,8,1,1,2,21,0.8486661911010742,0.15636077497082412,105
1311,8,1,1,2,22,0.8652794361114502,0.15642743070903603,110
1312,8,1,1,2,23,0.7297582626342773,0.15602111671264857,115
1313,8,1,1,2,24,0.7170886993408203,0.15395175808401068,120
1314,8,1,1,2,25,0.8263700008392334,0.15692175171642608,125
1315,8,1,1,2,26,0.7459826469421387,0.13371166433858006,130
1316,8,1,1,2,27,0.7024967670440674,0.1321893552167155,135
1317,8,1,1,2,28,0.7457070350646973,0.13322512749730175,140
1318,8,1,1,2,29,0.6568543910980225,0.13180766427674595,145
1319,8,1,1,2,30,0.9016048908233643,0.1357934441525369,150
1320,8,1,1,2,31,0.863985538482666,0.13144843052673805,155
1321,8,1,1,2,32,0.7233548164367676,0.1180811538196852,160
1322,8,1,1,2,33,0.6672768592834473,0.11697849087649093,165
1323,8,1,1,2,34,0.8589160442352295,0.11633710467957659,170
1324,8,1,1,2,35,0.7645628452301025,0.11637068745718315,175
1325,8,1,1,2,36,0.930504560470581,0.12016107678153276,180
1326,8,1,1,2,37,0.6948339939117432,0.11342086889212694,185
1327,8,1,1,2,38,0.7216396331787109,0.10562199339226386,190
1328,8,1,1,2,39,0.8881454467773438,0.10453111134280085,195
1329,8,1,1,2,40,0.7294011116027832,0.10352874863967726,200
1330,8,1,1,2,41,0.6637063026428223,0.10409835592458094,205
1331,8,1,1,2,42,0.8208262920379639,0.10761551745615339,210
1332,8,1,1,2,43,0.6899981498718262,0.10288030420126748,215
1333,8,1,1,2,44,0.8653392791748047,0.0956500676786976,220
1334,8,1,1,2,45,0.7470173835754395,0.09504642929667301,225
1335,8,1,1,2,46,0.9055213928222656,0.09475228112183326,230
1336,8,1,1,2,47,0.791130781173706,0.09443258269275523,235
1337,8,1,1,2,48,0.8530714511871338,0.09717120852574274,240
1338,8,1,1,2,49,0.7803215980529785,0.09811811510006196,245
1339,8,1,1,2,50,0.8802464008331299,0.0883563137599927,250
1340,8,1,1,2,51,0.9068875312805176,0.08770351032300111,255
1341,8,1,1,2,52,0.9556884765625,0.08716746002980519,260
1342,8,1,1,2,53,0.7749090194702148,0.08619450316259714,265
1343,8,1,1,2,54,0.7366511821746826,0.08750761726830547,270
1344,8,1,1,2,55,0.8335878849029541,0.09042687632602264,275
1345,8,1,1,2,56,0.920743465423584,0.08629815196377144,280
1346,8,1,1,2,57,0.8763649463653564,0.08152147866347215,285
1347,8,1,1,2,58,0.7708427906036377,0.08124295309715845,290
1348,8,1,1,2,59,0.7957026958465576,0.08012548928139485,295
1349,8,1,1,2,60,0.7776439189910889,0.07946857411030844,300
1350,8,1,1,2,61,0.8806636333465576,0.08136016721408151,305
1351,8,1,1,2,62,0.898303747177124,0.08393636250613579,310
1352,8,1,1,2,63,0.855870246887207,0.0779143854745683,315
1353,8,1,1,2,64,0.8540418148040771,0.07561877136512635,320
1354,8,1,1,2,65,0.8009028434753418,0.07565289833083289,325
1355,8,1,1,2,66,0.9271633625030518,0.0743727214205307,330
1356,8,1,1,2,67,0.7824020385742188,0.07392096631122436,335
1357,8,1,1,2,68,0.9404735565185547,0.07568608539972199,340
1358,8,1,1,2,69,0.9117960929870605,0.07768492019662288,345
1359,8,1,1,2,70,0.8689291477203369,0.07091163166643999,350
1360,8,1,1,2,71,0.9046409130096436,0.07059050712970572,355
1361,8,1,1,2,72,0.9300334453582764,0.07070427636029486,360
1362,8,1,1,2,73,0.813277006149292,0.06953979625803075,365
1363,8,1,1,2,74,0.9684226512908936,0.06922708901308616,370
1364,8,1,1,2,75,0.7646098136901855,0.07086930141194903,375
1365,8,1,1,2,76,0.8021724224090576,0.07273831989580526,380
1366,8,1,1,2,77,0.8216874599456787,0.06669181282522241,385
1367,8,1,1,2,78,0.8811125755310059,0.06647449714062587,390
1368,8,1,1,2,79,0.857666015625,0.06654056987601487,395
1369,8,1,1,2,80,0.8660445213317871,0.06507257547818524,400
1370,8,1,1,2,81,0.9164886474609375,0.06472021869279238,405
1371,8,1,1,2,82,0.9294626712799072,0.06619059119940585,410
1372,8,1,1,2,83,0.9195008277893066,0.06803870764434561,415
1373,8,1,1,2,84,0.7496616840362549,0.0643116421019787,420
1374,8,1,1,2,85,0.8215675354003906,0.062409596988697635,425
1375,8,1,1,2,86,0.8874459266662598,0.06278666056437943,430
1376,8,1,1,2,87,0.9109361171722412,0.061819841531816744,435
1377,8,1,1,2,88,0.8855369091033936,0.06091148910601363,440
1378,8,1,1,2,89,0.8959825038909912,0.06182387050529592,445
1379,8,1,1,2,90,0.8394551277160645,0.06347836165608622,450
1380,8,1,1,2,91,0.7936050891876221,0.06276133243087723,455
1381,8,1,1,2,92,0.7923173904418945,0.05927091790809108,460
1382,8,1,1,2,93,0.9344244003295898,0.059482746638912176,465
1383,8,1,1,2,94,0.8952946662902832,0.059313347643792924,470
1384,8,1,1,2,95,0.8499720096588135,0.05779794477098432,475
1385,8,1,1,2,96,0.7828693389892578,0.05792809155730566,480
1386,8,1,1,2,97,0.8852880001068115,0.059329130281750186,485
1387,8,1,1,2,98,0.7791299819946289,0.06082003292721816,490
1388,8,1,1,2,99,0.7242178916931152,0.05694746721029664,495
1389,8,1,1,2,100,0.728499174118042,0.05623147379266569,500
1390,8,1,1,2,101,0.7992298603057861,0.056602521312484555,505
1391,8,1,1,2,102,0.7927002906799316,0.05523736684940084,510
1392,8,1,1,2,103,0.7673642635345459,0.054417750588137914,515
1393,8,1,1,2,104,0.793703556060791,0.05524838804825877,520
1394,8,1,1,2,105,0.9506404399871826,0.056645409432165617,525
1395,8,1,1,2,106,1.049485206604004,0.05642859336976147,530
1396,8,1,1,2,107,0.8965229988098145,0.05272015842084765,535
1397,8,1,1,2,108,0.7886338233947754,0.05312838709938361,540
1398,8,1,1,2,109,0.8962447643280029,0.053589284927123004,545
1399,8,1,1,2,110,0.8634428977966309,0.05257110583512492,550
1400,8,1,1,2,111,0.9519703388214111,0.051874117852167445,555
1401,8,1,1,2,112,0.9061470031738281,0.05270137790941154,560
1402,8,1,1,2,113,0.9324843883514404,0.05382325305603197,565
1403,8,1,1,2,114,0.9871861934661865,0.052219023248957,570
1404,8,1,1,2,115,0.9528608322143555,0.050286372653423395,575
1405,8,1,1,2,116,0.9250843524932861,0.05081206033434471,580
1406,8,1,1,2,117,0.8660211563110352,0.05088946621582069,585
1407,8,1,1,2,118,0.9636397361755371,0.04938465642707923,590
1408,8,1,1,2,119,0.9156978130340576,0.0494043967310408,595
1409,8,1,1,2,120,0.6826174259185791,0.050344794410051574,600
1410,8,1,1,2,121,0.7292079925537109,0.05111764610168379,605
1411,8,2,1,1,1,9.081361770629883,0.7649969011130094,5
1412,8,2,1,1,2,8.86024785041809,0.6838841730912234,10
1413,8,2,1,1,3,8.445436716079712,0.5422083985426582,15
1414,8,2,1,1,4,8.310888051986694,0.4694858206904773,20
1415,8,2,1,1,5,8.146682977676392,0.459527104557953,25
1416,8,2,1,1,6,7.6848304271698,0.38798100211238384,30
1417,8,2,1,1,7,8.733429193496704,0.3729392193732193,35
1418,8,2,1,1,8,9.594977617263794,0.3461307250800808,40
1419,8,2,1,1,9,9.333531379699707,0.34461309332558976,45
1420,8,2,1,1,10,8.135989904403687,0.3223955764383818,50
1421,8,2,1,1,11,8.321258306503296,0.3042620757629496,55
1422,8,2,1,2,1,9.09937834739685,0.7608024446905968,5
1423,8,2,1,2,2,9.450028896331787,0.8569726713421769,10
1424,8,2,1,2,3,8.773678064346313,0.7350999000243411,15
1425,8,2,1,2,4,8.708291053771973,0.715245163944128,20
1426,8,2,1,2,5,8.0246901512146,0.6057138170771892,25
1427,8,2,1,2,6,8.45689058303833,0.5612488825970801,30
1428,8,2,1,2,7,8.749671459197998,0.5475952396649475,35
1429,8,2,1,2,8,8.487103700637817,0.4966844019813982,40
1430,8,2,1,2,9,8.359432697296143,0.4916779020070061,45
1431,8,2,1,2,10,8.841832160949707,0.44855033023897095,50
1432,8,2,1,2,11,8.21811556816101,0.43233662024575037,55
1433,8,3,1,1,1,61.354217290878296,0.8180260798137682,5
1434,8,3,1,2,1,62.68824243545532,0.8116877127649547,5
1435,9,1,1,1,1,3.7290406227111816,0.5120041614993344,5
1436,9,1,1,1,2,3.2958250045776367,0.3694392875554105,10
1437,9,1,1,1,3,3.307880401611328,0.2813206041148415,15
1438,9,1,1,1,4,3.439638614654541,0.24719067218951574,20
1439,9,1,1,1,5,3.754733085632324,0.2378337648135253,25
1440,9,1,1,1,6,3.4228127002716064,0.24606366425186288,30
1441,9,1,1,1,7,3.5006089210510254,0.17805606157790288,35
1442,9,1,1,1,8,3.309704065322876,0.16328192055855295,40
1443,9,1,1,1,9,3.0653128623962402,0.1540638177832998,45
1444,9,1,1,1,10,3.3954403400421143,0.1498998195029243,50
1445,9,1,1,1,11,3.1300041675567627,0.15229909725736213,55
1446,9,1,1,1,12,3.337867021560669,0.1346658221379814,60
1447,9,1,1,1,13,3.4559173583984375,0.12428816574528867,65
1448,9,1,1,1,14,3.1181254386901855,0.1203353878269725,70
1449,9,1,1,1,15,3.150094509124756,0.10792753290864932,75
1450,9,1,1,1,16,3.7989940643310547,0.107514840988301,80
1451,9,1,1,1,17,3.470820426940918,0.11288241601700749,85
1452,9,1,1,1,18,3.4581615924835205,0.11658875139652325,90
1453,9,1,1,1,19,3.564192295074463,0.10413213944175498,95
1454,9,1,1,1,20,3.2315549850463867,0.09979569624257734,100
1455,9,1,1,1,21,3.1359736919403076,0.0958865035368402,105
1456,9,1,1,1,22,3.42057204246521,0.08389312606220434,110
1457,9,1,1,1,23,3.384841203689575,0.08445961797790491,115
1458,9,1,1,1,24,3.092752695083618,0.08953658834922795,120
1459,9,1,1,1,25,3.5131454467773438,0.09588492452771102,125
1460,9,1,1,1,26,3.4088306427001953,0.0885193113674122,130
1461,9,1,1,1,27,3.2931876182556152,0.08410490438423757,135
1462,9,1,1,1,28,3.265625238418579,0.08049860795337949,140
1463,9,1,1,1,29,3.1154024600982666,0.07596014052626732,145
1464,9,1,1,1,30,3.022350311279297,0.07062459772693042,150
1465,9,1,1,2,1,3.6031382083892822,0.5040728742170968,5
1466,9,1,1,2,2,3.904636859893799,0.6400127026790606,10
1467,9,1,1,2,3,3.593445301055908,0.3811164878191898,15
1468,9,1,1,2,4,3.4854257106781006,0.3524685512772998,20
1469,9,1,1,2,5,3.0044806003570557,0.3357339059295207,25
1470,9,1,1,2,6,3.1907007694244385,0.33710222568628034,30
1471,9,1,1,2,7,3.2323548793792725,0.25053162082929814,35
1472,9,1,1,2,8,3.538417100906372,0.22746491436800403,40
1473,9,1,1,2,9,3.272583246231079,0.2291025210628887,45
1474,9,1,1,2,10,3.1978042125701904,0.2158244661570874,50
1475,9,1,1,2,11,2.9973204135894775,0.21093501425850947,55
1476,9,1,1,2,12,3.3215320110321045,0.1705273663814535,60
1477,9,1,1,2,13,3.4564216136932373,0.1650893717978421,65
1478,9,1,1,2,14,3.2225399017333984,0.16342199439969596,70
1479,9,1,1,2,15,3.294063091278076,0.1612868931597382,75
1480,9,1,1,2,16,3.5662269592285156,0.16545867635174372,80
1481,9,1,1,2,17,3.5621187686920166,0.1403127184212699,85
1482,9,1,1,2,18,3.2740423679351807,0.1361202693221505,90
1483,9,1,1,2,19,3.515758514404297,0.12898736903831282,95
1484,9,1,1,2,20,3.193326473236084,0.12734213955170476,100
1485,9,1,1,2,21,3.342987298965454,0.13279851635993534,105
1486,9,1,1,2,22,3.4722392559051514,0.12735611472422526,110
1487,9,1,1,2,23,3.234997034072876,0.11756463252144311,115
1488,9,1,1,2,24,3.6298840045928955,0.11405746203524825,120
1489,9,1,1,2,25,3.025007724761963,0.10746101841568001,125
1490,9,1,1,2,26,3.6142513751983643,0.10711521263741008,130
1491,9,1,1,2,27,3.6036815643310547,0.11200319381835855,135
1492,9,1,1,2,28,3.591181755065918,0.1129019480660356,140
1493,9,1,1,2,29,3.5230085849761963,0.10294364221498425,145
1494,9,2,1,1,1,37.83216452598572,0.7594709798369128,5
1495,9,2,1,1,2,37.8780152797699,0.5724329375735194,10
1496,9,2,1,2,1,38.67428946495056,0.7532940246693818,5
1497,9,2,1,2,2,38.08752083778381,0.8197986518585005,10
1498,9,3,1,1,1,,,5
1499,9,3,1,2,1,,,5
1500,10,1,1,1,1,17.858651876449585,0.4910717135370648,5
1501,10,1,1,1,2,15.772080421447754,0.31218526856601114,10
1502,10,1,1,1,3,15.342515707015991,0.2279552053571055,15
1503,10,1,1,1,4,13.858989000320435,0.23349272466493737,20
1504,10,1,1,1,5,14.041491270065308,0.23602078476294241,25
1505,10,1,1,1,6,14.839473962783813,0.19062021536742074,30
1506,10,1,1,2,1,14.521262407302856,0.4970540029596051,5
1507,10,1,1,2,2,15.133739233016968,0.46727764643688074,10
1508,10,1,1,2,3,14.329511880874634,0.29126828015405026,15
1509,10,1,1,2,4,14.571811199188232,0.3034045553587723,20
1510,10,1,1,2,5,14.591582775115967,0.2957441222988053,25
1511,10,1,1,2,6,14.950623750686646,0.25481517785652585,30
1512,10,1,1,2,7,15.003647327423096,0.20519119580096978,35
1513,10,2,1,1,1,,,5
1514,10,2,1,2,1,,,5
1515,10,3,1,1,1,,,5
1516,10,3,1,2,1,,,5
